AREA landuse_residential outer=1 offset=2801771 size=100 clippings=0 points=(-36.717,252.302)(-36.717,258.127)(-34.280,258.127)(-34.030,263.700)(-33.030,263.650)(-18.967,271.835)(21.095,296.540)(24.658,283.334)(27.970,271.985)(31.533,260.989)(35.220,251.800)(36.970,247.733)(48.783,225.036)(37.970,218.408)(8.783,195.561)(-43.717,152.679)(-53.655,166.086)(-53.030,185.619)(-62.842,185.870)(-61.717,220.969)(-67.905,221.521)(-69.780,203.495)(-81.967,203.043)(-82.530,193.452)(-89.592,193.603)(-89.905,179.895)(-94.217,179.744)(-94.092,170.907)(-75.967,170.856)(-77.092,141.934)(-111.530,142.486)(-110.530,139.473)(-112.092,135.306)(-116.905,133.247)(-116.905,131.037)(-121.592,131.289)(-121.780,122.250)(-106.905,121.949)(-104.842,119.388)(-81.467,118.786)(-72.780,118.836)(-70.967,122.049)(-40.030,144.595)(-35.905,139.021)(-34.467,136.862)(-34.155,135.808)(-34.030,133.598)(-34.467,132.142)(-38.592,129.129)(-47.217,123.706)(-64.530,109.948)(-73.967,102.968)(-87.530,92.122)(-100.655,107.990)(-104.342,112.308)(-104.405,109.094)(-109.530,94.884)(-117.905,96.039)(-125.967,96.642)(-126.842,86.950)(-128.342,75.100)(-128.530,72.087)(-213.780,86.348)(-210.592,105.429)(-209.967,108.642)(-209.467,111.705)(-207.030,117.530)(-206.467,128.075)(-206.467,142.988)(-207.030,171.760)(-206.905,210.575)(-206.842,217.605)(-206.092,249.339)(-206.092,253.557)(-206.467,257.474)(-205.905,272.839)(-205.967,276.254)(-204.655,284.388)(-203.467,292.623)(-202.717,296.841)(-202.342,301.762)(-198.342,302.163)(-151.655,308.892)(-126.280,312.658)(-111.717,314.968)(-116.155,274.044)(-119.217,247.331)(-119.842,223.580)(-120.842,192.197)(-120.405,190.540)(-118.342,189.285)(-117.592,189.285)(-104.780,198.775)(-88.405,213.136)(-68.717,233.020)(-65.030,236.836)(-64.530,244.469)(-58.280,244.017)(-37.030,243.113)(-37.030,244.368)
AREA amenity_hospital outer=1 offset=2770421 size=33 clippings=0 points=(-34.280,258.177)(-34.030,264.705)(-23.592,271.031)(-10.842,278.212)(-10.905,278.513)(-8.342,280.120)(-6.592,281.024)(4.158,287.702)(1.533,291.970)(0.470,294.230)(1.220,305.327)(4.283,304.875)(4.658,308.340)(3.970,308.440)(4.095,314.114)(13.220,317.478)(9.470,330.082)(9.158,330.885)(8.595,331.538)(7.845,331.890)(2.595,332.241)(-15.342,332.341)(-24.217,331.839)(-107.780,323.102)(-115.905,251.398)(-92.842,250.093)(-77.030,248.837)(-77.030,247.331)(-71.217,247.080)(-51.217,247.230)(-50.967,256.871)(-48.217,258.729)(-38.280,258.277)
AREA leisure_common outer=1 offset=2691731 size=12 clippings=0 points=(-4.530,147.558)(-24.092,132.695)(-32.842,126.418)(-49.530,115.421)(-54.905,111.354)(-47.030,100.207)(-31.655,111.103)(-29.342,111.655)(-21.780,118.032)(-21.467,119.840)(1.283,140.126)(-2.030,144.394)
AREA amenity_building outer=1 offset=2592566 size=16 clippings=0 points=(-16.342,1.890)(0.283,-1.676)(3.970,15.397)(-41.405,25.138)(-43.342,16.150)(-37.905,14.995)(-38.530,12.183)(-32.967,11.028)(-32.405,13.690)(-18.905,10.828)(-18.842,11.079)(-16.717,10.627)(-17.405,7.564)(-17.780,7.614)(-18.592,3.999)(-15.967,3.446)
AREA shop_building outer=1 offset=2714494 size=34 clippings=0 points=(-25.717,107.588)(-29.030,111.454)(-16.030,122.250)(0.095,136.511)(9.845,124.560)(14.283,118.936)(19.408,112.710)(22.283,109.797)(24.533,107.990)(26.408,106.734)(29.158,105.228)(33.283,103.471)(32.845,96.190)(28.595,94.533)(24.908,93.227)(19.845,91.871)(13.658,90.465)(-5.717,87.352)(-5.717,85.243)(-5.842,82.532)(-4.155,82.532)(-0.842,66.966)(-12.530,67.719)(-13.405,63.149)(-14.217,59.735)(-14.030,59.735)(-14.967,55.718)(-26.530,57.978)(-22.530,83.034)(-21.405,82.984)(-21.280,87.754)(-23.030,87.804)(-23.592,93.729)(-24.592,101.060)
AREA amenity_school outer=1 offset=2727017 size=7 clippings=0 points=(-14.092,202.440)(2.470,202.039)(15.533,214.793)(15.658,231.865)(11.595,231.915)(11.720,237.841)(-11.780,238.192)
AREA amenity_bank_building outer=1 offset=2727744 size=75 clippings=0 points=(4.533,165.785)(4.470,165.936)(4.220,166.187)(3.533,165.534)(3.908,165.182)(0.658,162.170)(0.533,162.320)(1.345,163.073)(0.845,163.626)(-0.467,163.174)(-1.342,163.023)(-3.155,163.023)(-5.030,163.525)(-6.592,164.329)(-7.342,164.931)(-7.655,164.680)(-7.530,164.530)(-7.655,164.379)(-13.405,171.308)(-12.967,171.710)(-13.342,172.212)(-12.405,172.965)(-12.342,172.865)(-11.967,173.166)(-12.030,173.267)(-10.030,174.974)(-9.967,174.924)(-8.155,176.380)(-8.217,176.430)(-6.592,177.786)(-6.280,177.434)(-5.655,177.987)(-5.967,178.338)(-5.155,178.991)(-5.092,178.890)(-3.092,180.548)(-3.155,180.698)(4.720,187.276)(5.033,186.874)(5.720,187.427)(5.408,187.828)(16.095,196.766)(16.408,196.415)(17.095,196.967)(16.783,197.369)(27.408,206.257)(27.783,205.805)(28.470,206.407)(28.095,206.809)(29.345,207.863)(32.783,203.796)(32.345,203.445)(35.095,200.131)(35.283,200.331)(38.345,197.168)(37.095,196.013)(36.970,196.114)(37.033,196.164)(36.783,196.415)(36.095,195.762)(36.470,195.411)(26.283,185.920)(25.908,186.372)(25.220,185.719)(25.595,185.318)(21.533,181.552)(21.470,181.602)(19.658,180.096)(19.845,179.945)(15.408,175.878)(15.283,175.978)(15.345,176.028)(15.095,176.279)(14.345,175.627)(14.783,175.275)
AREA highway_pedestrian outer=1 offset=2605999 size=21 clippings=0 points=(-0.592,-1.475)(-0.780,-2.479)(-1.155,-4.086)(-1.405,-5.391)(-1.655,-6.647)(-0.842,-6.847)(-3.092,-17.292)(-6.905,-16.488)(-7.592,-19.551)(-1.592,-20.807)(2.783,-21.911)(6.658,-23.167)(7.220,-19.451)(10.408,-5.190)(11.345,0.082)(13.220,9.070)(14.533,15.899)(14.595,16.100)(4.470,17.807)(4.345,17.255)(0.283,-1.676)
AREA building outer=1 offset=2706698 size=6 clippings=0 points=(-6.655,194.708)(-6.530,197.068)(-2.967,196.867)(-2.780,200.532)(3.408,200.583)(-3.717,194.607)
AREA building outer=1 offset=2706651 size=4 clippings=0 points=(-5.342,212.132)(-5.530,213.638)(2.845,214.492)(2.720,212.935)
AREA building outer=1 offset=2688059 size=6 clippings=0 points=(0.470,29.055)(-0.155,28.653)(-4.967,29.758)(-3.905,34.729)(1.533,33.524)(0.908,30.662)
AREA building outer=1 offset=2688027 size=7 clippings=0 points=(1.533,33.524)(-3.905,34.729)(-3.467,36.687)(-2.155,36.386)(-1.842,38.294)(2.345,37.440)(1.658,34.026)
AREA building outer=1 offset=2749325 size=6 clippings=0 points=(-3.842,247.783)(0.220,247.532)(0.345,252.603)(-2.592,252.704)(-3.467,252.804)(-3.780,249.440)
AREA building outer=1 offset=2688924 size=4 clippings=0 points=(-0.717,44.169)(-3.780,44.872)(-2.967,48.939)(0.033,48.286)
AREA building outer=1 offset=2706123 size=5 clippings=0 points=(-1.155,188.983)(-3.655,191.996)(-0.842,194.356)(1.720,191.394)(0.283,190.239)
AREA building outer=1 offset=2687836 size=11 clippings=0 points=(-3.530,53.358)(-2.592,53.157)(-2.530,53.408)(-1.967,53.258)(-2.030,53.006)(-0.155,52.555)(0.845,56.421)(0.283,56.572)(0.283,56.722)(-2.092,57.475)(-2.655,57.576)
AREA leisure_garden outer=1 offset=2770931 size=7 clippings=0 points=(4.720,252.352)(0.345,252.603)(-2.592,252.704)(-2.530,254.562)(-1.342,254.511)(-1.092,257.173)(4.345,256.972)
AREA landuse_grass outer=1 offset=2724245 size=17 clippings=0 points=(-1.842,151.273)(-2.280,151.775)(7.970,160.663)(18.470,170.003)(29.158,179.794)(39.408,189.737)(44.283,194.205)(47.845,197.168)(52.595,200.733)(55.658,202.491)(56.095,201.436)(52.970,199.779)(48.595,197.017)(44.345,193.653)(21.658,171.911)(9.658,161.517)(2.783,155.140)
AREA building outer=1 offset=2689665 size=15 clippings=0 points=(-0.155,56.823)(0.095,57.978)(0.595,57.877)(0.095,61.141)(-0.155,61.141)(-0.217,61.593)(0.095,61.643)(-0.092,62.949)(-2.280,62.647)(-1.842,59.685)(-1.842,59.434)(-1.717,59.384)(-1.780,58.982)(-1.842,58.982)(-2.092,57.475)
AREA amenity_parking outer=1 offset=2771440 size=7 clippings=0 points=(32.970,249.339)(5.908,246.477)(-2.092,246.929)(-2.155,244.469)(32.845,241.607)(34.908,241.858)(36.345,242.611)
AREA building outer=1 offset=2708436 size=4 clippings=0 points=(-1.842,38.294)(-0.717,44.169)(3.595,43.265)(2.345,37.440)
AREA highway_service outer=1 offset=2771203 size=20 clippings=0 points=(4.720,252.352)(4.345,256.972)(-1.092,257.173)(-0.905,259.733)(4.783,259.583)(4.908,262.746)(6.970,262.696)(7.408,271.232)(9.720,271.182)(9.720,270.228)(11.220,270.178)(11.283,271.082)(12.783,271.031)(13.033,262.847)(11.908,262.847)(9.908,262.847)(10.033,255.967)(7.408,256.118)(7.158,252.302)(5.408,252.352)
AREA highway_pedestrian outer=1 offset=2735148 size=90 clippings=0 points=(137.720,48.839)(138.470,48.789)(141.533,48.537)(144.908,48.387)(148.470,48.035)(161.095,47.483)(161.970,48.136)(160.970,48.537)(159.033,49.441)(145.095,50.496)(142.720,50.747)(142.033,50.797)(141.345,50.797)(135.158,51.249)(131.783,51.400)(130.783,51.550)(130.033,51.550)(126.845,51.500)(112.533,51.701)(107.720,51.450)(106.658,51.299)(105.908,51.651)(105.783,52.303)(102.970,54.613)(101.470,54.212)(101.033,53.258)(100.470,52.605)(99.783,52.203)(98.283,51.902)(83.283,50.998)(76.158,50.747)(72.533,49.391)(70.220,49.291)(65.908,49.140)(64.283,48.989)(62.033,48.939)(55.970,48.789)(51.095,48.688)(48.158,48.638)(44.095,48.889)(32.283,49.140)(24.095,49.341)(14.220,50.395)(6.158,51.600)(-0.155,52.555)(-1.030,48.487)(1.658,47.885)(3.908,47.383)(4.283,47.132)(4.345,46.780)(4.658,49.240)(20.783,46.780)(26.908,46.228)(32.408,46.228)(37.720,46.177)(37.658,45.675)(40.908,45.625)(42.095,45.625)(42.158,46.228)(43.720,46.278)(46.595,46.278)(48.345,44.621)(50.095,44.671)(51.783,44.671)(53.533,46.328)(56.783,46.328)(58.220,46.378)(60.283,46.328)(62.220,44.822)(62.720,45.223)(63.470,45.173)(63.658,45.023)(65.158,45.073)(67.783,45.123)(70.533,45.123)(74.470,45.223)(77.283,45.324)(79.845,45.274)(81.470,45.274)(82.970,46.931)(84.470,46.680)(88.033,45.525)(94.720,45.826)(99.783,46.177)(103.970,48.236)(107.345,48.738)(108.283,49.441)(116.845,49.542)(121.220,49.391)(128.533,49.391)
AREA building outer=1 offset=2727418 size=5 clippings=0 points=(1.720,191.394)(-0.717,194.256)(3.095,197.469)(5.533,194.607)(3.658,193.000)
AREA building outer=1 offset=2708455 size=7 clippings=0 points=(3.595,43.265)(-0.717,44.169)(0.033,48.286)(3.908,47.383)(4.283,47.132)(4.345,46.780)(4.220,46.278)
AREA building outer=1 offset=2711863 size=7 clippings=0 points=(0.908,78.615)(-0.655,83.184)(-0.530,83.887)(6.783,85.293)(7.158,81.979)(5.095,81.628)(5.158,79.519)
AREA highway_pedestrian outer=1 offset=2707846 size=21 clippings=0 points=(0.470,29.055)(0.033,27.147)(2.033,26.745)(2.033,22.377)(4.533,21.874)(4.470,17.807)(14.595,16.100)(15.345,19.916)(23.658,18.309)(24.408,21.824)(25.658,21.623)(25.845,23.029)(27.158,28.904)(27.470,30.963)(27.720,41.357)(26.908,41.357)(26.908,46.228)(20.783,46.780)(4.658,49.240)(4.345,46.780)(0.908,30.662)
AREA building outer=1 offset=2772676 size=4 clippings=0 points=(0.220,247.532)(4.533,247.331)(4.720,252.352)(0.345,252.603)
AREA building outer=1 offset=2708895 size=5 clippings=0 points=(1.783,74.397)(0.908,78.615)(5.158,79.519)(6.033,75.301)(5.533,75.201)
AREA building outer=1 offset=2708940 size=17 clippings=0 points=(14.908,55.266)(15.033,56.019)(15.158,61.492)(6.720,61.995)(3.720,62.095)(1.783,74.397)(5.533,75.201)(6.970,65.761)(12.908,65.560)(13.533,65.911)(13.595,71.937)(11.845,71.987)(11.970,75.401)(22.408,75.050)(22.283,71.585)(17.033,71.635)(17.158,55.065)
AREA amenity_school_building outer=1 offset=2726917 size=16 clippings=0 points=(5.408,207.261)(2.345,207.512)(3.533,223.731)(3.158,223.781)(3.283,225.287)(3.658,225.287)(4.095,230.660)(7.158,230.560)(6.783,226.292)(11.158,225.739)(10.908,223.028)(6.533,223.128)(5.845,214.843)(10.220,214.240)(10.033,211.579)(5.720,211.629)
AREA building outer=1 offset=2727464 size=5 clippings=0 points=(5.533,194.607)(3.095,197.469)(4.908,198.976)(7.345,196.114)(6.408,195.360)
AREA building outer=1 offset=2709166 size=10 clippings=0 points=(9.470,51.098)(4.095,51.952)(4.658,55.517)(3.720,62.095)(6.720,61.995)(6.845,60.438)(8.158,60.338)(8.470,57.676)(10.345,57.475)(10.220,56.722)
AREA building outer=1 offset=2772967 size=4 clippings=0 points=(7.720,230.509)(3.720,230.660)(3.908,234.275)(7.845,234.075)
AREA amenity_building outer=1 offset=2724623 size=13 clippings=0 points=(4.283,141.231)(4.845,141.683)(4.658,141.883)(4.595,142.586)(4.845,143.239)(5.345,143.641)(6.033,143.741)(6.658,143.490)(6.845,143.289)(7.408,143.741)(12.220,137.666)(9.158,135.205)(6.033,139.021)
AREA building outer=1 offset=2771922 size=4 clippings=0 points=(4.533,247.331)(6.908,247.180)(7.158,252.302)(4.720,252.352)
AREA building outer=1 offset=2727151 size=5 clippings=0 points=(7.345,196.114)(4.908,198.976)(8.783,202.240)(11.220,199.377)(9.283,197.720)
AREA christian_church_building outer=0 offset=2707846 size=64 clippings=0 points=(10.845,39.650)(10.845,38.846)(10.158,38.846)(10.158,38.194)(6.908,38.143)(6.908,33.474)(10.845,33.474)(10.845,32.268)(10.595,31.967)(10.845,31.666)(11.095,31.967)(13.595,31.967)(13.658,31.565)(13.970,31.565)(13.970,31.967)(16.345,32.017)(16.345,31.515)(16.720,31.515)(16.720,32.017)(19.220,32.017)(19.533,31.666)(19.783,31.917)(19.470,32.268)(19.470,32.520)(20.345,32.520)(20.345,32.268)(20.658,32.268)(20.658,32.520)(21.783,32.520)(21.783,34.026)(22.845,34.026)(22.970,33.674)(23.345,33.775)(23.158,34.227)(23.970,35.030)(24.345,34.880)(24.533,35.231)(24.158,35.382)(24.095,36.537)(24.470,36.737)(24.345,37.089)(23.970,36.888)(23.158,37.691)(23.283,38.093)(22.908,38.244)(22.720,37.842)(21.720,37.792)(21.720,38.244)(21.345,38.244)(21.345,37.842)(19.408,37.792)(19.345,39.449)(19.658,39.800)(19.408,40.051)(19.158,39.750)(16.595,39.750)(16.595,40.152)(16.220,40.152)(16.220,39.700)(13.845,39.700)(13.845,40.152)(13.533,40.152)(13.533,39.650)(11.220,39.650)
AREA building outer=1 offset=2771870 size=9 clippings=0 points=(6.908,247.180)(9.470,247.381)(11.970,247.682)(11.970,251.900)(10.533,251.950)(10.533,252.352)(9.033,252.352)(9.033,251.900)(7.158,251.850)
AREA building outer=1 offset=2711889 size=11 clippings=0 points=(27.345,89.310)(20.345,87.553)(9.533,85.494)(9.658,84.390)(6.970,83.837)(7.158,81.979)(10.033,82.481)(11.283,76.707)(22.345,78.866)(29.533,79.418)(28.970,84.641)
AREA building outer=0 offset=2707846 size=12 clippings=0 points=(8.283,42.863)(7.033,44.219)(8.533,45.625)(8.158,45.977)(9.533,47.282)(10.970,45.826)(11.283,46.177)(12.658,44.721)(11.158,43.265)(11.408,42.914)(10.095,41.658)(8.658,43.165)
AREA office_building outer=0 offset=2707846 size=4 clippings=0 points=(10.345,23.431)(11.220,27.297)(7.095,27.297)(7.095,23.431)
AREA leisure_garden outer=1 offset=2770835 size=9 clippings=0 points=(7.158,252.302)(7.408,256.118)(11.908,255.867)(11.970,251.900)(10.533,251.950)(10.533,252.352)(9.033,252.352)(9.033,251.900)(7.158,251.850)
AREA building outer=1 offset=2772994 size=6 clippings=0 points=(7.845,234.075)(11.845,233.874)(11.845,232.367)(11.720,232.317)(11.658,230.309)(7.720,230.509)
AREA building outer=1 offset=2727304 size=5 clippings=0 points=(11.220,199.377)(8.783,202.240)(11.908,204.901)(14.345,201.988)(12.783,200.683)
AREA building outer=1 offset=2709093 size=4 clippings=0 points=(10.220,56.722)(15.033,56.019)(14.220,50.395)(9.470,51.098)
AREA amenity_building outer=1 offset=2724516 size=18 clippings=0 points=(19.908,154.989)(10.345,146.352)(12.345,143.038)(16.845,143.641)(23.845,144.846)(23.783,145.348)(25.345,146.654)(26.158,145.850)(26.720,146.302)(26.595,146.403)(29.595,149.064)(29.658,149.014)(31.595,150.771)(29.033,153.684)(27.658,152.478)(23.533,157.048)(23.720,157.249)(23.220,157.851)
AREA amenity_bank_building outer=1 offset=2607383 size=9 clippings=0 points=(37.845,-8.053)(34.908,-7.500)(35.408,-4.789)(11.345,0.082)(13.220,9.070)(14.283,14.694)(41.908,9.120)(38.908,-5.743)(38.345,-5.642)
AREA building outer=1 offset=2771942 size=6 clippings=0 points=(13.345,232.719)(13.283,232.317)(11.845,232.367)(11.908,236.887)(15.845,236.736)(15.908,232.719)
AREA building outer=1 offset=2727440 size=6 clippings=0 points=(16.345,203.796)(16.408,203.646)(14.345,201.988)(11.908,204.901)(15.533,207.914)(17.908,205.051)
AREA highway_service outer=1 offset=2771137 size=13 clippings=0 points=(11.970,251.900)(11.908,255.867)(11.908,262.847)(13.033,262.847)(13.033,260.688)(14.908,260.738)(15.408,254.813)(16.095,254.913)(16.345,252.402)(13.220,252.151)(13.283,251.699)(12.533,251.649)(11.970,251.599)
AREA building outer=1 offset=2771794 size=6 clippings=0 points=(11.970,247.682)(16.783,248.235)(16.345,252.402)(13.220,252.151)(13.283,251.699)(11.970,251.599)
AREA shop_building outer=1 offset=2708288 size=7 clippings=0 points=(44.095,48.889)(24.095,49.341)(14.220,50.395)(14.908,55.266)(17.158,55.065)(17.033,71.635)(41.408,71.435)
AREA building outer=1 offset=2772820 size=15 clippings=0 points=(15.408,254.813)(15.158,265.608)(18.283,265.659)(18.595,259.533)(17.095,259.382)(17.158,256.470)(18.720,256.721)(18.533,256.821)(18.470,257.122)(18.533,257.474)(19.283,257.675)(19.283,257.825)(22.908,258.428)(23.345,256.018)(16.095,254.913)
AREA building outer=1 offset=2727117 size=11 clippings=0 points=(18.658,205.554)(18.595,205.604)(17.908,205.051)(15.533,207.914)(17.845,209.822)(17.783,209.922)(19.095,211.027)(21.533,208.114)(19.283,206.206)(19.345,206.156)(18.970,205.855)
AREA building outer=1 offset=2772101 size=9 clippings=0 points=(16.033,232.719)(15.908,232.719)(15.845,236.736)(19.595,236.535)(19.658,232.016)(19.595,232.016)(19.595,232.267)(18.158,232.217)(18.095,232.769)
AREA building outer=1 offset=2772748 size=8 clippings=0 points=(27.158,251.398)(27.345,249.440)(16.783,248.235)(16.095,254.913)(24.533,256.219)(24.595,256.068)(24.970,253.407)(25.158,251.197)
AREA amenity_building outer=1 offset=2724745 size=16 clippings=0 points=(31.595,150.771)(36.720,154.688)(26.033,166.689)(18.720,160.261)(18.408,160.563)(16.283,158.755)(17.345,157.550)(17.158,156.947)(18.095,155.943)(18.595,156.144)(19.908,154.989)(23.220,157.851)(23.720,157.249)(23.533,157.048)(27.658,152.478)(29.033,153.684)
AREA landuse_brownfield outer=1 offset=2724228 size=4 clippings=0 points=(16.845,143.641)(17.908,137.264)(24.908,138.519)(23.658,144.846)
AREA amenity_building outer=1 offset=2712257 size=41 clippings=0 points=(31.408,108.693)(29.658,110.300)(29.533,110.249)(20.595,121.296)(21.408,121.899)(16.908,127.573)(17.720,128.276)(17.158,128.929)(19.095,130.535)(19.658,129.832)(20.533,130.485)(24.345,125.815)(24.720,125.866)(24.720,126.117)(25.095,126.167)(25.095,126.418)(25.470,126.468)(25.408,126.669)(25.845,126.820)(25.595,127.221)(35.470,133.849)(36.470,132.393)(36.845,132.695)(37.408,131.791)(37.033,131.540)(38.095,130.033)(28.220,123.355)(27.908,123.757)(27.658,123.506)(27.533,123.656)(27.283,123.405)(27.158,123.506)(26.908,123.254)(26.783,123.405)(26.470,123.154)(28.033,121.146)(27.283,120.493)(31.845,114.969)(33.220,113.162)(32.095,112.258)(32.783,111.605)
AREA building outer=0 offset=2707846 size=10 clippings=0 points=(17.595,23.280)(22.783,23.481)(22.658,27.197)(23.220,27.197)(23.158,28.804)(20.033,28.703)(20.095,26.996)(18.658,26.946)(18.720,25.942)(17.470,25.891)
AREA building outer=1 offset=2727211 size=15 clippings=0 points=(21.595,207.964)(21.533,208.114)(17.720,212.634)(17.783,216.852)(18.158,217.253)(19.158,217.203)(19.533,216.852)(19.408,212.483)(20.033,212.483)(20.033,212.784)(21.033,213.638)(20.783,213.939)(21.845,214.893)(25.220,211.077)(23.470,209.571)
AREA building outer=1 offset=2772047 size=10 clippings=0 points=(20.908,230.158)(20.908,232.016)(19.658,232.016)(19.595,236.535)(23.220,236.384)(23.533,231.112)(23.470,231.112)(23.533,230.560)(22.533,230.610)(22.533,230.208)
AREA building outer=1 offset=2727173 size=13 clippings=0 points=(25.220,211.077)(22.783,213.839)(23.283,214.240)(21.720,216.048)(23.783,217.856)(24.970,216.450)(24.783,216.299)(25.033,215.948)(25.470,216.299)(26.158,215.446)(27.033,216.149)(28.783,214.140)(27.970,213.387)
AREA amenity_parking_building outer=1 offset=2712619 size=18 clippings=0 points=(22.283,71.585)(22.408,75.050)(31.595,75.100)(32.033,86.197)(31.658,86.900)(31.595,88.256)(31.970,89.411)(32.345,90.013)(33.470,90.917)(34.595,91.269)(35.720,91.269)(36.720,90.917)(37.845,90.013)(38.283,89.210)(38.533,88.055)(39.720,88.055)(39.970,86.549)(41.408,71.435)
AREA building outer=1 offset=2772026 size=5 clippings=0 points=(23.533,231.212)(23.220,236.384)(26.845,236.234)(26.658,231.062)(25.408,231.112)
AREA office_building outer=1 offset=2770562 size=9 clippings=0 points=(26.970,256.269)(30.595,257.675)(30.783,254.813)(30.908,251.699)(27.845,251.549)(27.158,251.398)(25.158,251.197)(24.970,253.407)(24.595,256.068)
AREA amenity_building outer=1 offset=2724461 size=7 clippings=0 points=(30.533,172.212)(25.345,167.542)(26.033,166.689)(45.158,145.147)(46.720,143.541)(52.033,148.110)(45.845,154.989)
AREA amenity_building outer=1 offset=2724842 size=8 clippings=0 points=(29.658,149.014)(29.970,148.612)(25.533,144.545)(30.283,139.222)(41.095,141.482)(45.158,145.147)(36.720,154.688)(31.595,150.771)
AREA building outer=1 offset=2727253 size=5 clippings=0 points=(25.533,217.856)(29.033,220.919)(32.283,217.354)(28.783,214.140)(27.033,216.149)
AREA building outer=1 offset=2606688 size=6 clippings=0 points=(35.720,21.473)(25.845,23.029)(27.158,28.904)(31.533,28.251)(36.220,26.394)(36.158,25.891)
AREA building outer=1 offset=2772078 size=6 clippings=0 points=(27.158,231.815)(27.158,232.167)(26.720,232.217)(26.845,236.234)(30.470,236.033)(30.283,231.614)
AREA building outer=1 offset=2727084 size=11 clippings=0 points=(32.283,217.354)(29.033,220.919)(28.970,220.919)(26.783,223.580)(27.970,224.635)(29.095,223.379)(29.970,224.183)(31.095,222.927)(32.595,224.283)(35.533,220.266)(33.970,218.760)
AREA building outer=1 offset=2708667 size=12 clippings=0 points=(27.720,41.357)(26.908,41.357)(26.908,46.228)(37.720,46.177)(36.970,41.457)(36.908,38.194)(34.533,38.143)(34.345,33.273)(32.095,33.373)(31.533,28.251)(27.158,28.904)(27.470,30.963)
AREA building outer=1 offset=2771996 size=6 clippings=0 points=(30.283,231.614)(30.470,236.033)(35.908,235.732)(35.908,231.815)(35.845,231.815)(35.845,231.313)
AREA amenity_building outer=1 offset=2724672 size=4 clippings=0 points=(45.845,156.244)(63.658,172.564)(48.470,188.331)(31.220,172.714)
AREA highway_service outer=1 offset=2708362 size=13 clippings=0 points=(36.220,26.394)(31.533,28.251)(32.095,33.373)(34.345,33.273)(34.533,38.143)(36.908,38.194)(36.970,41.457)(39.658,41.257)(39.533,38.445)(41.845,38.143)(41.845,37.189)(41.658,33.223)(36.970,33.624)
AREA building outer=1 offset=2727511 size=4 clippings=0 points=(33.345,207.261)(31.533,209.420)(35.595,212.734)(37.345,210.575)
AREA building outer=1 offset=2711632 size=11 clippings=0 points=(39.220,114.367)(38.158,114.467)(37.033,114.367)(35.595,114.065)(33.220,113.162)(31.845,114.969)(32.970,115.522)(32.908,116.576)(37.158,117.631)(37.533,116.727)(38.908,116.677)
AREA building outer=1 offset=2727275 size=9 clippings=0 points=(35.533,220.266)(32.595,224.283)(33.720,225.137)(34.033,224.685)(36.908,226.292)(36.845,226.442)(36.908,226.492)(39.283,222.475)(37.470,221.421)
AREA building outer=1 offset=2711670 size=13 clippings=0 points=(33.658,107.287)(34.033,108.793)(32.908,109.094)(33.845,111.254)(34.595,111.002)(34.908,112.258)(36.033,111.856)(35.595,110.651)(35.845,110.199)(38.095,109.496)(37.908,108.944)(37.158,105.981)(35.345,106.684)
AREA landuse_grass outer=1 offset=2605917 size=12 clippings=0 points=(39.408,17.054)(39.845,18.510)(41.658,18.209)(42.283,17.908)(43.595,15.548)(43.595,15.096)(43.408,14.794)(38.345,15.196)(37.283,15.447)(35.908,16.100)(34.533,17.004)(33.408,18.209)
AREA building outer=1 offset=2727382 size=5 clippings=0 points=(38.345,197.168)(35.533,200.080)(46.908,211.177)(49.720,208.265)(43.970,202.742)
AREA highway_service outer=1 offset=2606522 size=6 clippings=0 points=(35.720,21.473)(36.158,25.891)(40.658,25.389)(40.595,25.038)(40.408,21.121)(37.908,21.322)
AREA amenity_restaurant_building outer=1 offset=2726819 size=10 clippings=0 points=(41.658,234.577)(44.908,228.852)(42.158,226.342)(40.845,228.601)(39.720,227.999)(38.283,230.459)(35.845,231.313)(35.908,235.732)(36.783,235.581)(40.533,235.280)
AREA building outer=1 offset=2711738 size=9 clippings=0 points=(39.408,125.715)(36.470,125.263)(36.095,128.025)(36.408,128.175)(36.095,128.627)(36.970,129.280)(37.470,128.677)(39.033,128.125)(39.220,126.920)
AREA building outer=1 offset=2708540 size=6 clippings=0 points=(40.658,25.389)(36.158,25.891)(36.970,33.624)(41.658,33.223)(41.095,26.343)(40.720,26.343)
AREA building outer=1 offset=2727349 size=11 clippings=0 points=(39.283,222.526)(36.908,226.492)(38.158,227.246)(38.533,226.643)(39.720,227.396)(39.720,227.999)(40.720,228.551)(42.095,226.292)(42.158,226.342)(43.095,224.785)(41.158,223.630)
AREA building outer=1 offset=2708571 size=5 clippings=0 points=(37.658,45.675)(42.095,45.625)(41.658,41.407)(41.658,41.056)(36.970,41.457)
AREA building outer=1 offset=2711707 size=10 clippings=0 points=(37.720,105.780)(38.283,107.638)(38.220,107.688)(38.533,108.743)(39.720,108.341)(39.970,108.693)(39.783,110.400)(42.845,110.751)(43.533,105.780)(41.658,104.324)
AREA highway_pedestrian outer=1 offset=2605950 size=16 clippings=0 points=(41.658,7.915)(42.033,7.865)(42.470,7.765)(42.658,8.668)(44.033,8.216)(44.095,6.610)(44.220,5.204)(44.033,1.237)(43.783,-1.776)(43.220,-5.893)(42.033,-6.195)(41.845,-7.550)(41.595,-8.856)(37.845,-8.053)(38.345,-5.642)(38.908,-5.743)
AREA building outer=1 offset=2727326 size=6 clippings=0 points=(40.283,212.433)(38.095,215.195)(40.908,217.404)(43.595,214.592)(42.595,213.839)(42.345,214.140)
AREA public_transport_platform outer=1 offset=2607102 size=14 clippings=0 points=(79.283,20.770)(79.783,16.953)(66.158,15.397)(60.908,14.644)(53.595,14.142)(48.970,14.041)(44.970,14.091)(38.658,14.342)(38.720,18.510)(47.345,18.159)(49.283,18.108)(57.720,18.309)(60.783,18.560)(74.720,20.268)
AREA building outer=1 offset=2712173 size=6 clippings=0 points=(38.908,116.677)(38.845,116.877)(42.033,117.279)(42.845,110.751)(39.783,110.400)(39.220,114.367)
AREA building outer=1 offset=2708593 size=16 clippings=0 points=(41.095,26.343)(41.658,33.223)(41.845,37.189)(41.845,38.143)(39.533,38.445)(39.658,41.257)(41.658,41.056)(41.658,41.407)(51.970,41.357)(52.345,34.880)(52.345,32.369)(53.908,22.075)(47.908,21.322)(40.408,21.121)(40.595,25.038)(40.720,26.343)
AREA building outer=1 offset=2727528 size=5 clippings=0 points=(44.845,214.743)(43.970,214.190)(40.908,217.404)(49.908,222.978)(51.783,219.463)
AREA building outer=1 offset=2708518 size=5 clippings=0 points=(45.158,46.278)(45.095,41.407)(41.658,41.407)(42.158,46.228)(43.720,46.278)
AREA natural_scrub outer=1 offset=2607056 size=8 clippings=0 points=(41.908,-6.998)(44.658,-6.998)(45.095,3.597)(44.158,3.597)(44.033,1.237)(43.783,-1.776)(43.220,-5.893)(42.033,-6.195)
AREA building outer=1 offset=2772267 size=7 clippings=0 points=(49.908,253.959)(47.908,253.407)(48.345,252.453)(44.908,250.745)(42.908,255.064)(46.158,256.419)(50.220,257.022)
AREA public_transport_platform outer=1 offset=2607286 size=13 clippings=1 points=(56.908,33.072)(56.908,28.754)(55.095,16.502)(52.033,0.484)(50.345,0.785)(51.720,8.668)(44.283,9.522)(43.158,9.673)(44.033,17.154)(44.658,21.674)(53.470,20.619)(53.845,20.569)(55.595,33.273)
AREA building outer=1 offset=2711765 size=14 clippings=0 points=(63.595,70.983)(46.158,69.426)(43.908,94.633)(44.408,95.487)(60.970,97.194)(63.658,94.583)(63.783,91.419)(52.533,90.465)(50.658,88.105)(51.658,77.109)(53.345,75.803)(60.658,76.506)(60.720,75.853)(63.283,76.155)
AREA amenity_parking outer=1 offset=2724430 size=4 clippings=0 points=(44.720,132.142)(44.158,135.958)(53.595,137.314)(54.158,133.548)
AREA building outer=1 offset=2724344 size=4 clippings=0 points=(44.595,128.226)(44.158,131.439)(48.595,132.192)(49.158,129.180)
AREA amenity_building outer=1 offset=2712447 size=14 clippings=0 points=(48.220,117.631)(48.095,118.685)(47.595,118.585)(46.470,127.071)(44.783,126.870)(44.595,128.226)(49.345,129.180)(49.408,129.029)(50.158,128.577)(50.283,127.623)(52.095,127.874)(53.220,119.338)(52.658,119.237)(52.783,118.283)
AREA landuse_grass outer=1 offset=2726789 size=4 clippings=0 points=(44.783,238.995)(45.470,239.397)(58.783,214.040)(58.095,213.688)
AREA building outer=1 offset=2727557 size=4 clippings=0 points=(51.783,219.463)(53.158,216.952)(47.470,212.081)(44.845,214.743)
AREA building outer=1 offset=2772131 size=6 clippings=0 points=(44.908,250.745)(46.408,247.783)(50.220,249.691)(49.845,250.444)(50.158,250.544)(49.095,252.754)
AREA building outer=1 offset=2709216 size=5 clippings=0 points=(45.158,46.278)(46.595,46.278)(48.345,44.621)(48.408,41.407)(45.095,41.407)
AREA building outer=1 offset=2772220 size=6 clippings=0 points=(46.408,247.783)(48.470,243.716)(55.220,247.030)(54.470,248.436)(51.595,247.030)(50.220,249.691)
AREA building outer=1 offset=2709258 size=5 clippings=0 points=(49.783,65.660)(46.533,65.459)(47.408,57.275)(48.158,48.638)(50.470,48.688)
AREA building outer=1 offset=2727053 size=10 clippings=0 points=(53.158,216.952)(54.158,215.044)(54.345,214.291)(54.345,213.537)(54.283,213.035)(53.720,212.132)(49.845,208.315)(49.720,208.265)(46.720,211.328)(47.470,212.081)
AREA highway_pedestrian outer=1 offset=2606103 size=67 clippings=0 points=(47.908,10.627)(47.470,10.627)(47.533,11.079)(47.658,11.731)(47.720,12.434)(47.845,13.087)(47.970,13.840)(48.345,13.840)(48.408,14.593)(48.033,14.593)(48.283,16.100)(48.595,16.100)(48.720,16.652)(48.345,16.652)(48.470,17.908)(48.845,17.857)(48.970,18.560)(48.720,18.510)(48.720,19.113)(48.658,19.765)(48.658,20.117)(48.845,20.117)(48.783,21.222)(58.720,22.778)(58.595,23.481)(59.533,23.632)(59.845,27.448)(60.408,27.498)(61.283,27.599)(61.908,27.649)(61.720,23.933)(64.283,24.385)(64.595,22.326)(64.658,21.674)(64.783,21.021)(64.908,20.318)(65.158,18.510)(62.033,17.908)(61.970,17.656)(62.095,17.456)(62.345,17.405)(66.283,18.008)(66.845,20.117)(71.658,20.870)(71.783,20.268)(71.845,19.615)(71.033,19.514)(71.345,17.205)(72.158,17.355)(72.220,16.803)(72.345,16.251)(71.533,16.100)(71.845,14.041)(72.720,12.886)(78.158,13.891)(78.220,13.589)(78.408,12.585)(78.470,12.183)(71.658,10.878)(69.033,13.991)(57.345,12.083)(56.220,7.363)(55.970,7.413)(54.970,7.614)(54.470,7.714)(55.033,10.074)(53.220,10.727)
AREA amenity_building outer=1 offset=2712539 size=11 clippings=0 points=(52.783,118.283)(53.408,118.384)(54.533,109.848)(53.408,109.697)(52.845,108.944)(52.908,108.592)(50.345,108.241)(50.220,109.245)(48.845,109.094)(47.720,117.580)(48.220,117.631)
AREA building outer=1 offset=2772197 size=6 clippings=0 points=(48.470,243.716)(50.908,239.146)(54.533,241.205)(53.783,242.711)(56.720,244.218)(55.220,247.030)
AREA building outer=1 offset=2709347 size=5 clippings=0 points=(48.470,48.688)(48.470,47.784)(54.033,47.835)(54.033,48.738)(50.470,48.688)
AREA highway_pedestrian outer=1 offset=2726651 size=22 clippings=0 points=(70.470,182.857)(73.283,179.242)(69.845,176.330)(69.033,175.978)(63.658,171.308)(48.658,188.280)(51.845,190.891)(53.845,188.833)(54.533,188.079)(55.158,188.632)(55.658,189.184)(55.908,189.385)(56.345,189.737)(57.033,190.439)(56.408,191.142)(54.470,193.251)(57.283,195.461)(61.470,190.841)(62.158,190.088)(66.470,185.268)(67.220,184.464)(69.408,182.054)
AREA building outer=1 offset=2711991 size=4 clippings=0 points=(52.908,100.508)(50.658,100.207)(49.595,108.140)(51.845,108.442)
AREA building outer=1 offset=2772312 size=4 clippings=0 points=(52.720,252.001)(49.720,252.302)(50.220,257.022)(53.220,256.721)
AREA building outer=1 offset=2708800 size=9 clippings=0 points=(50.470,48.688)(54.033,48.738)(53.970,53.057)(54.408,53.057)(54.095,60.237)(53.908,62.999)(56.158,63.149)(55.970,65.961)(49.783,65.660)
AREA highway_pedestrian outer=1 offset=2606417 size=18 clippings=1 points=(57.970,11.179)(57.845,11.832)(53.033,11.480)(51.470,10.978)(50.533,9.924)(50.095,8.216)(50.720,1.337)(51.720,0.534)(51.970,-9.459)(51.970,-11.367)(56.283,-12.471)(56.470,-11.768)(56.595,-7.852)(56.658,-7.249)(56.095,-7.149)(57.720,-0.270)(55.720,0.233)(57.220,7.463)
AREA highway_pedestrian outer=1 offset=2711321 size=15 clippings=0 points=(63.658,78.414)(63.658,77.912)(63.345,77.611)(63.283,76.155)(60.720,75.853)(60.658,76.506)(53.345,75.803)(52.658,76.356)(51.658,77.109)(50.658,88.105)(52.533,90.465)(63.783,91.419)(63.408,90.265)(63.095,89.210)(63.283,84.791)
AREA shop_bakery_building outer=1 offset=2771483 size=11 clippings=0 points=(52.845,235.481)(56.283,237.338)(59.658,241.757)(57.845,243.213)(57.408,243.665)(56.283,242.862)(56.595,242.360)(54.845,240.452)(54.533,241.205)(50.908,239.146)(51.783,237.439)
AREA building outer=1 offset=2708481 size=5 clippings=0 points=(55.408,34.980)(52.345,34.880)(51.783,44.671)(53.533,46.328)(55.220,46.328)
AREA highway_footway outer=1 offset=2727676 size=11 clippings=0 points=(54.470,193.251)(53.345,192.247)(51.845,190.891)(53.845,188.833)(54.470,189.385)(55.033,189.887)(55.658,189.184)(55.908,189.385)(55.220,190.138)(55.658,190.490)(56.408,191.142)
AREA building outer=1 offset=2712063 size=7 clippings=0 points=(51.845,108.442)(52.908,108.592)(53.158,106.433)(53.533,106.182)(54.658,106.333)(55.220,100.809)(52.908,100.508)
AREA leisure_garden outer=1 offset=2711406 size=40 clippings=0 points=(62.033,105.881)(61.033,105.780)(61.158,104.826)(59.095,107.789)(59.283,106.433)(58.095,106.282)(58.033,106.734)(53.533,106.182)(53.158,106.433)(52.845,108.944)(53.408,109.697)(54.533,109.848)(53.408,118.384)(52.783,118.283)(52.658,119.237)(53.220,119.338)(53.220,119.438)(53.595,119.488)(53.533,120.342)(54.533,120.493)(54.470,120.844)(53.033,120.694)(52.095,127.874)(55.408,128.326)(54.345,134.251)(57.408,134.753)(58.345,129.380)(58.595,129.129)(64.095,129.481)(64.408,125.614)(64.720,125.414)(65.470,125.464)(65.595,124.259)(61.595,123.757)(61.783,121.748)(60.158,121.547)(60.283,120.643)(58.783,120.493)(60.283,107.889)(61.783,108.090)
AREA building outer=1 offset=2709024 size=10 clippings=0 points=(52.345,34.880)(58.408,35.030)(58.470,30.009)(58.845,27.900)(59.220,28.000)(59.908,23.331)(55.220,22.527)(55.095,23.632)(53.720,23.381)(52.345,32.369)
AREA building outer=1 offset=2772155 size=4 clippings=0 points=(55.533,251.800)(52.720,252.001)(53.220,256.721)(55.845,256.520)
AREA natural_scrub outer=1 offset=2727642 size=9 clippings=0 points=(54.470,193.251)(53.595,194.256)(56.033,196.264)(57.158,196.666)(60.158,196.465)(61.533,195.862)(63.595,192.950)(61.470,190.841)(57.283,195.461)
AREA building outer=1 offset=2708846 size=8 clippings=0 points=(54.033,48.738)(57.470,48.839)(57.033,55.567)(56.533,55.567)(56.283,60.338)(54.095,60.237)(54.408,53.057)(53.970,53.057)
AREA building outer=1 offset=2712018 size=4 clippings=0 points=(57.470,101.161)(55.220,100.809)(54.658,106.333)(56.908,106.634)
AREA building outer=1 offset=2708914 size=4 clippings=0 points=(55.408,34.980)(55.220,46.328)(58.220,46.378)(58.408,35.030)
AREA public_transport_platform outer=1 offset=2607193 size=12 clippings=1 points=(55.408,-0.119)(58.720,15.949)(60.783,32.570)(62.720,32.369)(61.845,23.531)(62.158,23.481)(66.970,24.134)(71.470,24.536)(72.470,12.987)(68.408,12.635)(59.970,11.782)(57.158,-0.470)
AREA building outer=1 offset=2727576 size=13 clippings=0 points=(61.595,221.622)(55.533,230.911)(58.720,234.376)(61.845,231.915)(61.908,231.715)(61.783,231.564)(61.845,231.514)(61.033,230.610)(63.908,226.191)(70.345,226.492)(70.345,226.342)(70.220,226.342)(70.408,222.023)
AREA building outer=1 offset=2772244 size=6 clippings=0 points=(58.720,252.001)(57.720,252.101)(57.595,251.649)(55.533,251.800)(55.845,256.520)(58.970,256.269)
AREA highway_service outer=1 offset=2708406 size=8 clippings=0 points=(55.970,65.961)(57.845,66.112)(59.783,66.212)(60.158,61.141)(57.783,60.990)(57.845,60.388)(56.283,60.338)(56.158,63.149)
AREA building outer=1 offset=2606867 size=11 clippings=0 points=(67.158,8.919)(64.595,9.723)(62.658,10.175)(61.783,6.660)(57.220,7.463)(56.283,3.044)(58.408,2.593)(56.095,-7.149)(56.658,-7.249)(56.595,-7.852)(62.658,-9.207)
AREA highway_pedestrian outer=1 offset=2607515 size=15 clippings=0 points=(56.470,-11.768)(56.595,-8.605)(56.595,-7.852)(62.658,-9.207)(67.158,8.919)(69.720,8.367)(71.783,8.819)(73.595,9.221)(73.658,7.413)(74.283,-6.446)(72.470,-14.681)(69.033,-15.133)(65.908,-15.785)(65.845,-14.781)(65.345,-13.526)
AREA building outer=1 offset=2725756 size=46 clippings=0 points=(69.845,125.866)(64.720,125.414)(64.408,125.614)(64.095,129.481)(58.595,129.129)(58.345,129.380)(56.845,137.866)(57.033,138.118)(63.095,139.222)(68.908,139.523)(69.220,139.021)(69.908,139.072)(71.283,138.871)(71.533,139.172)(71.470,139.724)(71.658,139.875)(72.220,139.825)(72.408,140.126)(72.283,140.277)(72.470,140.879)(72.970,140.929)(73.095,141.130)(73.283,141.130)(73.220,141.432)(73.470,141.683)(74.970,141.783)(75.220,141.582)(75.220,141.331)(76.033,141.331)(76.033,141.733)(80.720,142.034)(83.595,139.825)(85.783,139.975)(85.970,137.866)(85.345,137.866)(85.845,133.448)(80.283,126.619)(76.970,126.870)(76.970,126.569)(73.908,126.317)(73.720,128.627)(73.220,128.627)(73.095,131.088)(71.033,132.795)(69.720,132.644)(70.158,126.117)
AREA building outer=1 offset=2712039 size=6 clippings=0 points=(56.908,106.634)(58.033,106.734)(58.095,106.282)(59.283,106.433)(59.845,101.462)(57.470,101.161)
AREA building outer=1 offset=2709113 size=11 clippings=0 points=(57.033,55.567)(57.408,55.567)(57.408,55.366)(58.158,55.417)(57.970,59.384)(57.783,60.990)(60.158,61.141)(60.658,53.509)(59.283,53.408)(59.283,48.839)(57.470,48.839)
AREA building outer=1 offset=2709295 size=4 clippings=0 points=(57.158,59.333)(57.408,55.366)(58.158,55.417)(57.970,59.384)
AREA building outer=1 offset=2606844 size=6 clippings=0 points=(62.658,10.175)(61.783,6.660)(57.220,7.463)(57.970,11.179)(64.658,12.083)(64.595,9.723)
AREA building outer=1 offset=2772174 size=6 clippings=0 points=(59.658,241.757)(63.533,246.779)(60.658,248.988)(58.845,246.678)(59.845,245.875)(57.845,243.213)
AREA highway_pedestrian outer=1 offset=2707742 size=21 clippings=0 points=(58.220,46.378)(58.470,30.009)(58.845,27.900)(59.220,28.000)(59.908,23.331)(60.095,21.523)(61.033,21.623)(63.408,21.774)(62.970,24.435)(63.720,24.586)(62.408,32.570)(62.283,38.746)(62.033,38.997)(61.908,39.298)(61.908,39.600)(62.283,40.051)(62.220,43.868)(62.095,44.119)(62.095,44.520)(62.220,44.822)(60.283,46.328)
AREA building outer=1 offset=2771550 size=8 clippings=0 points=(61.720,231.815)(58.720,234.527)(59.720,235.732)(60.158,236.133)(60.658,236.736)(63.533,234.476)(63.095,233.924)(63.345,233.673)
AREA building outer=1 offset=2772331 size=6 clippings=0 points=(62.470,252.704)(61.908,252.754)(61.845,251.800)(58.720,252.001)(58.970,256.269)(62.658,256.018)
AREA highway_service outer=1 offset=2711574 size=11 clippings=0 points=(61.783,108.090)(60.283,107.889)(59.845,111.605)(58.908,119.438)(58.783,120.493)(60.283,120.643)(61.095,113.865)(61.470,110.802)(61.220,110.802)(61.345,109.496)(61.595,109.546)
AREA tourism_hostel_building outer=1 offset=2713109 size=27 clippings=0 points=(59.095,107.789)(61.158,104.826)(61.033,105.780)(62.033,105.881)(61.595,109.546)(61.345,109.496)(61.220,110.802)(61.470,110.802)(60.158,121.547)(61.783,121.748)(61.595,123.757)(65.595,124.259)(66.158,119.840)(64.595,119.639)(65.220,114.367)(65.408,112.358)(66.033,107.538)(64.970,107.437)(65.095,106.282)(67.470,106.584)(67.408,106.935)(70.658,107.287)(71.408,101.311)(68.095,100.910)(68.033,101.462)(59.845,101.562)(59.283,106.433)
AREA building outer=1 offset=2709319 size=6 clippings=0 points=(59.283,48.839)(59.345,48.035)(67.283,48.337)(67.283,49.190)(64.283,48.989)(62.033,48.939)
AREA building outer=1 offset=2708732 size=8 clippings=0 points=(59.283,48.839)(64.283,48.989)(64.220,55.668)(63.908,56.421)(63.845,57.676)(60.408,57.576)(60.658,53.509)(59.283,53.408)
AREA building outer=1 offset=2708774 size=4 clippings=0 points=(66.470,66.514)(59.783,66.212)(60.158,60.890)(66.720,61.292)
AREA building outer=1 offset=2771531 size=4 clippings=0 points=(63.533,234.476)(60.658,236.736)(63.845,240.703)(66.720,238.343)
AREA building outer=1 offset=2772293 size=4 clippings=0 points=(63.658,252.704)(61.095,248.687)(63.533,246.779)(66.470,250.846)
AREA natural_scrub outer=1 offset=2607485 size=4 clippings=0 points=(61.908,14.644)(61.720,15.698)(72.158,17.355)(72.345,16.251)
AREA building outer=1 offset=2710454 size=25 clippings=0 points=(66.845,42.060)(66.033,42.060)(65.908,41.809)(65.408,41.558)(65.470,36.888)(66.033,36.888)(65.970,35.532)(66.158,35.382)(65.908,31.917)(63.845,31.766)(63.845,32.570)(62.408,32.570)(62.283,38.746)(62.033,38.997)(61.908,39.298)(61.908,39.600)(62.283,40.051)(62.220,43.868)(62.095,44.119)(62.095,44.520)(62.345,44.972)(62.720,45.223)(63.470,45.173)(63.658,45.023)(66.720,45.123)
AREA natural_scrub outer=1 offset=2728290 size=6 clippings=0 points=(62.158,190.088)(63.970,191.745)(64.470,191.795)(67.908,186.674)(67.845,186.322)(66.470,185.268)
AREA building outer=1 offset=2710390 size=7 clippings=0 points=(68.408,24.435)(63.845,23.732)(62.408,32.570)(63.845,32.570)(63.845,31.766)(65.908,31.917)(67.845,31.817)
AREA building outer=1 offset=2774656 size=6 clippings=0 points=(68.220,255.465)(62.658,256.018)(62.470,252.704)(63.658,252.704)(66.470,250.846)(68.845,254.210)
AREA building outer=1 offset=2725992 size=14 clippings=0 points=(64.033,167.241)(64.033,169.450)(62.845,170.605)(69.033,175.978)(69.845,176.330)(73.283,179.242)(78.720,172.513)(78.908,168.346)(80.908,165.785)(79.658,164.730)(77.220,163.324)(76.783,164.279)(66.345,164.781)(66.408,167.291)
AREA building outer=1 offset=2713886 size=9 clippings=0 points=(72.845,78.916)(72.470,85.243)(63.283,84.791)(63.095,89.210)(76.470,89.963)(77.283,75.552)(73.283,75.401)(73.220,77.561)(72.908,77.510)
AREA worship_building outer=1 offset=2709366 size=47 clippings=0 points=(81.470,72.891)(80.658,71.937)(80.783,71.485)(80.470,71.334)(80.283,71.786)(79.220,71.736)(79.158,71.234)(78.845,71.234)(78.783,71.736)(77.470,71.635)(77.470,71.133)(77.033,71.083)(77.033,71.635)(75.470,71.585)(75.470,71.033)(75.033,70.983)(75.033,71.535)(73.533,71.485)(73.533,70.280)(70.408,70.179)(70.345,69.476)(67.033,69.175)(66.908,70.029)(63.658,69.778)(63.283,76.155)(63.345,77.611)(63.658,77.912)(63.658,78.414)(72.845,78.916)(72.908,77.510)(73.220,77.561)(73.283,75.401)(78.658,75.653)(78.658,76.155)(78.970,76.155)(78.970,75.653)(80.158,75.703)(80.283,76.054)(80.595,75.954)(80.408,75.653)(81.345,74.799)(81.845,75.000)(81.970,74.698)(81.533,74.447)(81.533,73.192)(82.095,73.041)(81.908,72.690)
AREA leisure_garden outer=1 offset=2712766 size=4 clippings=0 points=(63.658,78.414)(72.845,78.916)(72.470,85.243)(63.283,84.791)
AREA building outer=1 offset=2774157 size=6 clippings=0 points=(69.470,240.753)(69.033,240.050)(69.345,239.749)(67.908,237.439)(63.845,240.703)(65.658,243.213)
AREA building outer=1 offset=2608415 size=5 clippings=0 points=(67.158,8.919)(69.720,8.367)(69.345,12.936)(64.658,12.083)(64.595,9.723)
AREA building outer=1 offset=2710561 size=14 clippings=0 points=(73.033,25.289)(68.408,24.435)(67.845,31.817)(65.908,31.917)(66.158,35.382)(65.970,35.532)(66.033,36.888)(65.470,36.888)(65.470,38.394)(68.595,38.394)(68.345,34.980)(69.533,34.980)(69.533,34.729)(71.720,34.227)
AREA building outer=1 offset=2774881 size=4 clippings=0 points=(65.658,243.213)(67.095,245.373)(70.908,242.862)(69.470,240.753)
AREA building outer=1 offset=2711048 size=8 clippings=0 points=(66.720,61.292)(66.470,66.514)(71.845,66.765)(72.470,56.371)(69.845,56.220)(69.720,57.726)(69.595,57.726)(69.283,61.392)
AREA building outer=1 offset=2710930 size=11 clippings=0 points=(69.345,45.123)(68.845,37.491)(69.470,37.491)(69.533,34.980)(68.345,34.980)(68.595,38.394)(67.470,38.394)(67.470,42.060)(66.845,42.060)(66.720,45.123)(67.908,45.123)
AREA building outer=1 offset=2711018 size=9 clippings=0 points=(67.283,49.190)(72.533,49.391)(72.845,49.642)(72.908,50.044)(72.470,56.371)(69.845,56.220)(69.720,57.726)(66.970,57.676)(67.220,51.500)
AREA building outer=1 offset=2773771 size=6 clippings=0 points=(70.970,243.063)(73.033,245.724)(73.095,245.624)(73.908,246.678)(70.283,249.440)(67.408,245.774)
AREA landuse_grass outer=1 offset=2725384 size=22 clippings=0 points=(88.533,151.072)(90.095,151.123)(89.720,156.445)(89.345,159.810)(88.595,164.078)(87.658,167.342)(85.220,173.267)(82.845,177.936)(80.720,181.602)(76.908,187.678)(69.283,198.524)(67.783,198.072)(74.658,187.778)(75.845,185.619)(76.408,184.213)(80.720,177.936)(82.970,173.970)(84.908,170.153)(86.095,167.191)(87.095,163.827)(87.595,161.316)(88.283,155.341)
AREA building outer=1 offset=2710812 size=5 clippings=0 points=(71.533,40.353)(71.283,37.390)(68.845,37.491)(69.345,45.123)(71.908,45.173)
AREA building outer=1 offset=2726055 size=25 clippings=0 points=(75.658,147.658)(71.283,147.256)(70.783,147.658)(69.783,161.467)(68.970,161.517)(69.095,164.680)(76.783,164.279)(77.220,163.324)(79.658,164.730)(80.908,165.785)(82.720,161.567)(83.345,161.567)(83.595,161.165)(83.783,158.604)(84.283,158.153)(84.970,149.315)(84.470,148.712)(81.970,148.512)(80.095,148.863)(80.158,154.889)(77.970,154.688)(78.095,153.533)(77.345,153.483)(77.283,154.035)(75.220,153.784)
AREA building outer=1 offset=2608329 size=19 clippings=0 points=(84.345,9.673)(84.595,2.342)(84.783,2.392)(84.720,-9.107)(74.283,-6.446)(73.595,9.221)(69.720,8.367)(69.345,12.936)(77.408,14.443)(77.783,14.945)(78.408,15.146)(79.345,15.096)(79.845,14.493)(80.033,13.891)(79.783,12.987)(82.470,13.338)(82.220,15.196)(83.845,15.497)(84.345,10.627)
AREA landuse_grass outer=1 offset=2728181 size=16 clippings=0 points=(109.845,210.726)(109.783,211.680)(103.845,211.579)(97.033,211.579)(86.033,211.730)(78.095,211.429)(73.720,210.776)(69.533,209.872)(70.158,208.416)(80.408,210.474)(83.345,210.926)(86.595,211.177)(90.095,211.228)(93.095,211.177)(96.783,210.826)(105.908,210.675)
AREA building outer=1 offset=2728700 size=27 clippings=0 points=(70.845,215.094)(70.845,215.245)(70.720,215.245)(70.220,226.342)(70.345,226.342)(70.345,226.492)(72.033,226.543)(72.033,226.392)(72.720,226.442)(72.658,227.999)(72.720,227.999)(72.783,227.446)(72.845,227.346)(73.970,227.396)(73.970,226.643)(75.033,226.693)(74.970,227.446)(77.283,227.547)(77.783,217.153)(77.595,217.153)(77.595,217.002)(75.908,216.902)(75.908,217.052)(75.220,217.052)(75.283,215.446)(75.158,215.446)(75.158,215.295)
AREA building outer=1 offset=2710352 size=7 clippings=0 points=(77.033,25.891)(73.033,25.289)(71.720,34.227)(71.158,34.377)(71.283,37.390)(76.345,36.185)(76.095,34.729)
AREA building outer=1 offset=2774075 size=6 clippings=0 points=(71.158,251.147)(72.033,249.791)(73.783,248.486)(76.970,250.344)(74.783,253.658)(72.908,252.352)
AREA building outer=1 offset=2710842 size=12 clippings=0 points=(77.283,45.324)(77.033,41.006)(76.345,36.185)(74.658,36.587)(74.720,37.641)(73.908,37.691)(74.033,39.901)(72.845,40.001)(72.908,40.353)(71.533,40.353)(71.908,45.173)(74.470,45.223)
AREA building outer=1 offset=2713816 size=10 clippings=0 points=(73.658,103.370)(73.470,106.634)(73.595,106.634)(73.408,108.994)(73.283,108.994)(71.845,128.527)(73.720,128.627)(73.908,126.317)(76.970,126.569)(78.658,103.722)
AREA building outer=1 offset=2728976 size=15 clippings=0 points=(77.283,227.547)(77.220,228.200)(77.095,228.200)(77.095,228.350)(72.783,228.149)(72.845,227.999)(72.720,227.999)(72.595,231.966)(87.658,232.719)(87.658,232.618)(87.720,232.618)(87.908,228.852)(92.908,229.053)(92.908,228.350)(86.408,227.949)
AREA building outer=1 offset=2728943 size=12 clippings=0 points=(73.970,226.643)(73.970,227.396)(72.783,227.446)(72.720,227.999)(72.845,227.999)(72.783,228.149)(77.095,228.350)(77.095,228.200)(77.220,228.200)(77.283,227.547)(74.970,227.446)(75.033,226.693)
AREA building outer=1 offset=2773985 size=4 clippings=0 points=(76.970,250.344)(81.408,253.105)(79.220,256.670)(74.783,253.658)
AREA building outer=1 offset=2725955 size=14 clippings=0 points=(76.033,141.733)(75.720,145.198)(75.658,147.658)(75.220,153.784)(77.283,154.035)(77.345,153.483)(78.095,153.533)(77.970,154.688)(80.158,154.889)(80.095,148.863)(80.220,147.307)(80.283,145.499)(80.595,142.185)(80.720,142.034)
AREA building outer=1 offset=2775073 size=10 clippings=0 points=(77.408,238.845)(77.533,238.845)(75.658,238.845)(75.408,244.469)(84.845,244.870)(84.845,245.121)(99.783,246.076)(99.783,245.573)(103.408,245.724)(103.658,240.050)
AREA leisure_park outer=1 offset=2729268 size=29 clippings=0 points=(116.783,148.863)(95.533,147.859)(93.595,167.593)(91.533,173.417)(90.345,175.727)(82.720,186.071)(77.220,194.256)(76.033,196.415)(76.033,198.674)(76.595,200.583)(78.033,202.491)(81.408,203.947)(83.970,204.399)(90.845,205.252)(155.158,208.165)(154.908,197.670)(155.033,184.213)(154.595,180.548)(152.720,179.393)(139.220,178.941)(139.533,172.564)(134.158,172.363)(132.720,172.915)(130.783,173.467)(127.595,173.668)(125.408,173.518)(122.970,172.865)(120.408,171.660)(115.783,171.459)
AREA building outer=1 offset=2711096 size=5 clippings=0 points=(77.033,25.891)(76.095,34.729)(78.158,34.227)(78.783,30.561)(79.408,26.293)
AREA building outer=1 offset=2710885 size=13 clippings=0 points=(79.408,36.737)(78.158,34.227)(77.095,34.528)(77.283,35.482)(77.033,35.532)(77.158,36.034)(76.345,36.185)(77.033,41.006)(77.283,45.324)(81.470,45.274)(81.095,42.361)(80.408,39.600)(79.845,37.993)
AREA leisure_garden outer=1 offset=2712723 size=9 clippings=0 points=(78.220,109.647)(76.970,126.870)(80.283,126.619)(85.845,133.448)(87.283,111.254)(80.720,110.802)(80.783,109.998)(80.095,109.948)(80.095,109.747)
AREA building outer=1 offset=2728896 size=10 clippings=0 points=(77.595,217.002)(77.595,217.153)(77.783,217.153)(77.595,221.421)(86.720,221.873)(86.408,227.949)(87.470,227.999)(87.720,221.923)(97.533,222.325)(97.845,217.906)
AREA building outer=1 offset=2711233 size=8 clippings=0 points=(77.908,49.492)(77.845,54.111)(77.658,54.061)(77.595,56.572)(79.283,56.672)(79.408,61.241)(83.970,61.141)(84.345,49.642)
AREA building outer=1 offset=2713863 size=4 clippings=0 points=(77.970,89.059)(77.720,99.002)(82.283,99.102)(82.470,89.160)
AREA building outer=1 offset=2713759 size=14 clippings=0 points=(78.470,106.232)(80.345,106.383)(80.345,106.182)(85.970,106.534)(85.845,108.291)(86.845,108.341)(87.158,108.492)(87.533,108.994)(87.283,111.254)(80.720,110.802)(80.783,109.998)(80.095,109.948)(80.095,109.747)(78.220,109.647)
AREA building outer=1 offset=2773818 size=4 clippings=0 points=(81.408,253.105)(87.408,256.922)(83.033,259.131)(79.220,256.670)
AREA building outer=1 offset=2709949 size=8 clippings=0 points=(79.408,61.241)(79.658,68.623)(83.658,69.024)(83.720,66.966)(82.908,66.915)(82.970,65.660)(83.783,65.660)(83.970,61.141)
AREA highway_pedestrian outer=1 offset=2709645 size=18 clippings=0 points=(81.470,72.891)(81.908,72.690)(82.095,73.041)(81.533,73.192)(81.533,74.447)(81.970,74.698)(81.845,75.000)(81.345,74.799)(80.408,75.653)(80.595,75.954)(80.283,76.054)(87.095,77.460)(94.783,78.615)(97.908,71.485)(83.908,69.978)(82.783,70.631)(80.783,71.485)(80.658,71.937)
AREA building outer=1 offset=2710655 size=20 clippings=0 points=(91.158,28.452)(91.033,27.649)(82.220,27.348)(81.783,36.386)(82.970,39.851)(84.095,45.123)(84.220,45.374)(84.470,46.680)(88.033,45.525)(89.908,43.315)(88.220,43.265)(87.908,42.914)(87.908,41.859)(87.470,41.457)(87.595,38.143)(88.095,37.842)(88.158,36.185)(88.470,35.783)(90.283,35.834)(90.658,28.452)
AREA building outer=1 offset=2711158 size=17 clippings=0 points=(84.345,49.642)(83.783,65.660)(82.970,65.660)(82.908,66.915)(83.720,66.966)(83.658,69.024)(91.970,69.928)(92.595,65.961)(92.783,63.752)(97.095,64.606)(99.470,52.103)(99.283,51.651)(99.033,51.349)(98.595,51.199)(97.345,51.098)(97.408,50.295)(94.908,50.094)
AREA building outer=1 offset=2608221 size=10 clippings=0 points=(91.845,10.878)(86.220,9.974)(86.283,9.422)(85.470,9.221)(85.408,9.873)(84.345,9.673)(84.345,10.627)(83.783,15.849)(90.783,16.953)(93.158,16.401)
AREA building outer=1 offset=2608253 size=16 clippings=0 points=(92.220,-11.417)(95.345,-3.031)(98.533,8.819)(91.845,10.878)(88.345,10.275)(88.158,9.572)(88.533,9.472)(88.345,8.668)(87.970,8.819)(87.783,8.216)(88.158,8.116)(86.908,3.747)(86.595,3.798)(86.033,1.940)(84.783,2.392)(84.720,-9.107)
AREA building outer=1 offset=2713311 size=71 clippings=0 points=(90.283,78.063)(90.283,78.213)(90.033,78.163)(90.033,77.962)(89.283,77.812)(89.283,78.063)(88.658,77.912)(88.658,77.711)(87.908,77.611)(87.845,77.812)(87.595,77.761)(87.658,77.611)(87.283,77.561)(86.658,80.925)(87.720,81.126)(86.908,85.796)(87.533,85.896)(87.470,86.298)(86.845,86.197)(86.033,90.566)(86.533,90.666)(85.845,94.884)(86.220,94.985)(85.970,96.692)(86.533,96.792)(86.533,96.893)(86.095,97.194)(86.033,97.696)(86.283,98.098)(86.595,98.148)(86.533,98.499)(86.720,98.550)(86.720,98.349)(86.970,98.399)(86.970,98.650)(87.970,98.801)(87.970,98.600)(88.220,98.650)(88.220,98.801)(88.595,98.851)(88.595,98.700)(88.970,98.751)(88.970,98.901)(89.345,99.002)(89.345,98.801)(89.658,98.851)(89.908,97.445)(90.095,97.445)(90.408,95.637)(89.533,95.487)(89.595,94.985)(90.533,95.135)(91.845,87.553)(91.533,87.101)(91.033,87.001)(91.095,86.398)(91.595,86.499)(92.095,86.147)(93.095,80.222)(92.970,80.172)(93.220,78.716)(92.533,78.615)(92.595,78.364)(91.845,78.264)(91.783,78.464)(91.533,78.464)(91.595,78.264)(91.220,78.213)(91.158,78.364)(90.658,78.264)(90.658,78.113)
AREA leisure_playground outer=1 offset=2728259 size=11 clippings=0 points=(92.408,192.850)(94.158,195.862)(95.220,197.369)(98.220,199.729)(97.533,200.783)(91.033,200.331)(89.783,199.729)(87.845,197.319)(86.533,195.411)(86.595,194.657)(86.845,194.205)
AREA building outer=1 offset=2710749 size=14 clippings=0 points=(95.470,28.603)(90.658,28.452)(90.283,35.834)(88.470,35.783)(88.158,36.185)(88.095,37.842)(87.595,38.143)(87.470,41.457)(87.908,41.859)(87.908,42.914)(88.220,43.265)(89.908,43.315)(88.033,45.525)(94.720,45.826)
AREA building outer=1 offset=2714248 size=22 clippings=0 points=(92.595,78.464)(94.595,78.816)(91.033,99.303)(89.345,99.002)(89.345,98.801)(89.658,98.851)(89.908,97.445)(90.095,97.445)(90.408,95.637)(89.533,95.487)(89.595,94.985)(90.533,95.135)(91.845,87.553)(91.533,87.101)(91.033,87.001)(91.095,86.398)(91.595,86.499)(92.095,86.147)(93.095,80.222)(92.970,80.172)(93.220,78.716)(92.533,78.615)
AREA highway_pedestrian outer=1 offset=2714400 size=13 clippings=0 points=(100.970,76.456)(100.408,79.770)(96.720,105.278)(95.970,115.672)(92.845,115.321)(89.408,115.220)(90.845,101.161)(91.095,99.453)(94.783,78.615)(97.908,71.485)(101.470,54.212)(102.970,54.613)(105.783,52.303)
AREA building outer=1 offset=2773657 size=6 clippings=0 points=(89.533,252.653)(89.658,255.365)(98.720,255.013)(98.470,245.975)(95.533,245.824)(95.720,252.402)
AREA building outer=1 offset=2775049 size=4 clippings=0 points=(89.533,245.423)(89.533,249.038)(95.595,248.837)(95.533,245.824)
AREA building outer=1 offset=2774181 size=5 clippings=0 points=(90.845,255.315)(90.970,257.223)(98.908,256.922)(98.845,254.963)(98.720,255.013)
AREA building outer=1 offset=2607805 size=4 clippings=0 points=(91.845,10.878)(99.658,8.467)(101.095,14.292)(93.158,16.401)
AREA highway_pedestrian outer=1 offset=2724907 size=27 clippings=0 points=(140.095,144.093)(139.970,147.156)(139.908,149.717)(137.783,149.717)(118.220,148.712)(116.783,148.863)(108.908,148.461)(108.720,151.625)(102.970,151.273)(102.033,151.223)(102.220,148.110)(95.533,147.859)(94.783,147.758)(92.845,147.608)(93.095,145.248)(93.345,142.888)(93.408,142.335)(102.220,142.838)(102.408,140.176)(103.283,140.226)(105.283,140.478)(107.220,141.281)(113.533,143.490)(114.658,143.691)(114.970,142.838)(120.470,143.139)(137.908,143.992)
AREA building outer=1 offset=2710523 size=6 clippings=0 points=(95.345,28.101)(95.470,28.603)(94.720,45.826)(99.783,46.177)(100.783,30.511)(98.595,28.201)
AREA building outer=1 offset=2726591 size=4 clippings=0 points=(99.720,135.255)(95.783,134.904)(95.158,142.335)(99.095,142.637)
AREA building outer=1 offset=2725509 size=5 clippings=0 points=(96.095,130.385)(95.783,134.904)(99.720,135.255)(99.970,131.841)(100.095,130.736)
AREA highway_pedestrian outer=1 offset=2712930 size=25 clippings=2 points=(100.408,79.770)(100.970,76.456)(113.720,79.167)(122.158,80.222)(129.470,79.870)(130.908,79.519)(132.095,79.569)(132.033,96.541)(131.158,98.700)(130.033,101.613)(129.658,101.964)(126.220,106.935)(124.908,108.693)(120.658,115.421)(117.033,116.174)(111.658,117.028)(109.845,116.877)(109.845,116.677)(104.658,116.225)(104.658,116.124)(102.533,115.923)(102.533,116.074)(97.345,115.672)(95.970,115.672)(96.720,105.278)
AREA building outer=1 offset=2725711 size=6 clippings=0 points=(96.408,127.071)(96.095,130.385)(100.095,130.736)(100.158,129.782)(99.908,129.732)(100.095,127.322)
AREA building outer=1 offset=2714201 size=5 clippings=0 points=(101.033,115.923)(97.345,115.672)(96.408,127.071)(100.095,127.322)(100.283,125.062)
AREA public_transport_platform outer=1 offset=2728405 size=9 clippings=0 points=(135.408,194.808)(134.408,196.616)(125.283,191.193)(118.220,186.975)(116.408,185.870)(109.783,181.853)(104.970,178.941)(97.095,174.170)(98.095,172.513)
AREA leisure_playground outer=1 offset=2725486 size=4 clippings=0 points=(97.533,154.889)(101.533,155.039)(101.220,161.567)(97.095,161.316)
AREA building outer=1 offset=2728851 size=13 clippings=0 points=(97.908,217.906)(97.845,217.956)(97.533,222.325)(97.095,227.246)(98.720,227.346)(99.095,223.329)(98.470,222.726)(98.783,222.425)(100.533,222.526)(100.533,223.028)(101.158,223.078)(101.158,222.375)(101.470,218.006)
AREA building outer=1 offset=2773792 size=5 clippings=0 points=(97.658,233.271)(97.783,235.029)(104.595,234.577)(104.595,233.974)(104.470,232.920)
AREA building outer=1 offset=2773838 size=20 clippings=0 points=(100.345,246.327)(99.783,246.327)(99.783,246.076)(98.470,245.975)(98.720,255.013)(98.845,254.963)(99.158,263.901)(101.970,263.851)(101.970,263.751)(101.158,263.751)(101.220,260.135)(105.033,259.985)(104.595,256.670)(101.345,256.821)(101.470,253.909)(105.283,253.808)(104.845,250.444)(101.720,250.595)(101.908,246.427)(100.345,246.377)
AREA building outer=1 offset=2725627 size=10 clippings=0 points=(99.095,142.637)(102.220,142.838)(102.408,140.176)(103.283,140.226)(104.408,137.866)(101.908,136.611)(101.845,137.666)(100.533,137.666)(100.658,135.356)(99.720,135.255)
AREA public_transport_platform outer=1 offset=2728330 size=11 clippings=0 points=(136.595,192.699)(99.283,170.455)(100.345,168.747)(108.345,173.467)(115.033,177.434)(121.033,181.100)(122.158,181.753)(123.470,182.556)(123.595,182.606)(129.220,186.121)(137.595,190.992)
AREA landuse_village_green outer=1 offset=2607599 size=24 clippings=0 points=(103.908,21.272)(104.658,21.623)(105.283,22.176)(105.783,22.879)(106.033,23.682)(106.095,24.485)(105.970,25.289)(105.595,26.042)(105.033,26.695)(104.345,27.147)(103.533,27.448)(102.720,27.498)(101.908,27.348)(101.158,26.996)(100.533,26.444)(100.095,25.741)(99.783,24.937)(99.720,24.134)(99.908,23.331)(100.220,22.577)(100.783,21.925)(101.470,21.473)(102.283,21.171)(103.095,21.121)
AREA highway_pedestrian outer=1 offset=2709760 size=16 clippings=0 points=(99.783,46.177)(100.783,30.511)(101.033,27.699)(103.595,27.448)(104.408,27.197)(105.095,26.695)(105.595,26.092)(105.970,25.339)(106.095,24.937)(106.595,24.988)(107.470,25.038)(109.408,27.498)(108.158,29.205)(107.970,41.709)(107.345,48.738)(103.970,48.236)
AREA building outer=1 offset=2725583 size=7 clippings=0 points=(100.095,127.322)(99.908,129.732)(100.158,129.782)(100.095,130.736)(100.533,130.786)(101.845,131.389)(103.720,127.623)
AREA building outer=1 offset=2714106 size=20 clippings=0 points=(101.533,86.499)(101.595,85.946)(101.408,85.896)(101.345,86.348)(100.595,86.247)(100.470,87.001)(100.033,86.950)(100.033,87.151)(100.470,87.202)(100.345,87.955)(101.095,88.055)(101.095,88.306)(101.283,88.306)(101.283,88.105)(104.533,88.507)(104.658,87.704)(103.783,87.603)(103.845,87.453)(102.970,87.352)(102.845,86.649)
AREA building outer=1 offset=2714162 size=8 clippings=0 points=(106.908,116.425)(104.658,116.225)(104.658,116.124)(102.533,115.923)(102.533,116.074)(101.033,115.923)(100.283,125.062)(105.970,125.564)
AREA building outer=1 offset=2725666 size=4 clippings=0 points=(102.908,131.891)(100.783,136.059)(104.408,137.866)(106.533,133.649)
AREA shop_building outer=1 offset=2709860 size=18 clippings=0 points=(100.970,76.456)(113.720,79.167)(122.158,80.222)(129.470,79.870)(129.720,78.063)(130.033,61.995)(130.033,57.726)(125.783,57.777)(124.908,67.669)(121.283,67.217)(116.595,66.212)(117.283,62.647)(117.658,51.600)(112.533,51.701)(107.720,51.450)(106.658,51.299)(105.908,51.651)(105.783,52.303)
AREA building outer=1 offset=2728640 size=5 clippings=0 points=(101.220,222.375)(100.970,227.346)(101.095,227.547)(102.783,227.647)(103.033,222.475)
AREA building outer=1 offset=2728659 size=6 clippings=0 points=(112.220,222.927)(112.283,222.927)(112.033,218.509)(101.470,218.006)(101.158,222.375)(108.158,222.726)
AREA highway_pedestrian outer=1 offset=2728083 size=19 clippings=2 points=(125.283,191.193)(119.470,195.611)(115.533,196.264)(110.783,195.561)(110.220,195.059)(108.783,193.000)(107.845,193.653)(107.033,192.448)(107.845,191.896)(105.095,188.130)(104.220,188.782)(103.345,187.527)(104.408,186.874)(103.220,185.920)(101.595,183.108)(104.970,178.941)(109.783,181.853)(116.408,185.870)(118.220,186.975)
AREA building outer=1 offset=2726467 size=4 clippings=0 points=(101.845,131.389)(102.908,131.891)(104.970,127.723)(103.720,127.623)
AREA building outer=1 offset=2607932 size=7 clippings=0 points=(107.845,-4.588)(107.658,-5.241)(102.533,-3.081)(104.220,0.936)(114.908,-2.379)(113.595,-6.396)(113.470,-6.345)
AREA building outer=1 offset=2725606 size=5 clippings=0 points=(104.970,127.723)(102.908,131.891)(106.533,133.649)(108.595,129.531)(107.720,129.029)
AREA highway_pedestrian outer=1 offset=2712796 size=24 clippings=0 points=(120.658,115.421)(118.220,119.890)(117.408,121.497)(116.470,123.054)(115.658,124.711)(114.783,126.217)(114.220,127.623)(113.533,128.979)(112.908,130.485)(111.470,133.548)(110.845,135.004)(109.845,137.063)(107.220,141.281)(105.283,140.478)(103.283,140.226)(104.408,137.866)(108.595,129.531)(107.720,129.029)(109.283,126.016)(109.095,125.916)(109.470,121.849)(111.283,121.999)(111.658,117.028)(117.033,116.174)
AREA public_transport_platform outer=1 offset=2725238 size=14 clippings=0 points=(131.970,168.195)(132.845,169.501)(105.220,188.079)(104.220,188.732)(103.470,187.628)(104.470,186.925)(108.595,184.163)(108.533,184.012)(108.220,183.560)(107.970,183.209)(117.533,176.832)(117.595,176.982)(117.783,177.284)(118.033,177.585)
AREA building outer=1 offset=2713668 size=12 clippings=0 points=(105.970,125.564)(105.908,125.815)(104.970,127.723)(107.720,129.029)(109.283,126.016)(109.095,125.916)(109.470,121.849)(111.283,121.999)(111.658,117.028)(109.845,116.877)(109.845,116.677)(106.908,116.425)
AREA building outer=1 offset=2774233 size=18 clippings=0 points=(108.783,229.756)(108.783,229.857)(108.283,229.857)(108.220,228.802)(105.845,228.652)(105.908,228.852)(106.033,231.212)(105.970,231.212)(106.095,232.970)(106.470,232.970)(106.470,233.874)(106.533,234.527)(112.908,234.175)(112.783,232.367)(112.720,232.367)(112.595,229.857)(109.970,230.007)(109.970,229.706)
AREA building outer=1 offset=2608618 size=12 clippings=0 points=(112.033,4.049)(111.033,4.350)(110.783,3.547)(107.283,4.651)(106.970,4.852)(106.095,5.806)(105.970,6.057)(105.970,7.313)(106.408,10.526)(106.595,10.526)(106.595,10.376)(113.720,10.275)
AREA building outer=1 offset=2711298 size=7 clippings=0 points=(106.658,51.299)(107.970,50.646)(112.533,50.898)(117.658,50.797)(117.658,51.600)(112.533,51.701)(107.720,51.450)
AREA building outer=1 offset=2608654 size=10 clippings=0 points=(117.908,10.275)(107.220,10.376)(107.970,15.799)(108.908,15.899)(109.720,16.100)(110.470,16.451)(111.158,16.953)(114.408,16.953)(114.408,18.359)(117.908,18.309)
AREA building outer=1 offset=2725685 size=7 clippings=0 points=(109.845,137.063)(107.220,141.281)(113.533,143.490)(114.095,141.683)(113.470,141.482)(113.970,139.272)(114.283,138.168)
AREA public_transport_platform outer=1 offset=2728477 size=17 clippings=0 points=(107.283,191.092)(108.095,192.046)(107.345,192.548)(108.095,193.703)(108.970,193.101)(109.345,193.603)(109.783,193.302)(113.533,190.891)(117.720,188.180)(123.595,184.163)(128.095,181.100)(136.345,175.476)(134.283,172.513)(126.220,177.987)(121.345,181.251)(111.533,187.979)(107.845,190.741)
AREA building outer=1 offset=2710322 size=5 clippings=0 points=(111.158,49.492)(108.283,49.441)(107.345,48.738)(107.970,41.709)(111.470,41.759)
AREA building outer=1 offset=2710066 size=5 clippings=0 points=(107.970,41.709)(108.033,39.248)(112.283,39.349)(112.283,41.759)(111.470,41.759)
AREA building outer=1 offset=2710016 size=9 clippings=0 points=(108.033,39.248)(108.158,29.205)(109.408,27.498)(118.470,27.850)(118.408,33.373)(112.970,33.373)(112.970,36.988)(112.283,37.039)(112.283,39.349)
AREA building outer=1 offset=2774740 size=9 clippings=0 points=(109.220,248.787)(108.595,249.038)(108.408,249.189)(108.158,249.741)(108.095,250.093)(108.283,254.260)(113.970,253.959)(113.658,248.687)(109.470,248.787)
AREA building outer=1 offset=2729077 size=4 clippings=0 points=(108.158,222.726)(108.408,228.049)(112.470,228.350)(112.220,222.927)
AREA building outer=1 offset=2773935 size=4 clippings=0 points=(108.283,254.260)(108.658,260.939)(114.283,260.637)(113.970,253.959)
AREA highway_pedestrian outer=1 offset=2725144 size=20 clippings=1 points=(129.220,186.121)(123.595,182.606)(123.470,182.556)(124.470,181.903)(124.283,181.652)(123.908,181.050)(123.658,180.748)(122.158,181.753)(121.033,181.100)(115.033,177.434)(108.345,173.467)(110.595,170.806)(114.720,170.555)(119.783,173.769)(126.908,178.639)(128.220,177.736)(129.158,179.091)(127.783,179.995)(129.658,181.150)(130.408,184.414)
AREA building outer=1 offset=2774958 size=4 clippings=0 points=(108.845,234.426)(108.970,236.836)(113.033,236.635)(112.908,234.175)
AREA building outer=1 offset=2773723 size=5 clippings=0 points=(109.033,236.836)(109.595,247.481)(113.595,247.431)(113.283,242.058)(113.033,236.635)
AREA building outer=1 offset=2774982 size=5 clippings=0 points=(109.408,247.481)(109.470,248.787)(113.658,248.687)(113.595,247.431)(109.595,247.481)
AREA building outer=1 offset=2726415 size=4 clippings=0 points=(110.845,135.004)(109.845,137.063)(114.283,138.118)(114.720,136.260)
AREA building outer=1 offset=2728605 size=12 clippings=0 points=(121.408,175.526)(123.033,178.539)(119.283,180.799)(119.033,182.004)(118.408,184.113)(115.533,185.920)(112.408,185.016)(110.533,182.054)(110.033,182.154)(110.658,178.388)(113.970,176.380)(118.283,177.434)
AREA building outer=1 offset=2726382 size=7 clippings=0 points=(114.720,136.260)(118.908,137.214)(120.345,137.163)(121.033,134.201)(115.845,133.297)(112.158,132.042)(110.845,135.004)
AREA building outer=1 offset=2710255 size=4 clippings=0 points=(113.658,49.542)(111.158,49.492)(111.470,41.759)(114.033,41.759)
AREA landuse_grass outer=1 offset=2732566 size=4 clippings=0 points=(153.470,212.634)(111.345,210.776)(111.345,211.730)(153.408,213.638)
AREA building outer=1 offset=2608444 size=9 clippings=0 points=(122.158,0.785)(121.720,0.032)(121.345,0.283)(111.783,3.245)(113.720,10.275)(127.720,10.175)(127.658,6.007)(127.533,6.007)(123.783,2.392)
AREA building outer=1 offset=2726358 size=6 clippings=0 points=(113.533,128.979)(112.908,130.485)(112.158,132.042)(115.845,133.347)(116.345,133.397)(117.595,130.686)
AREA building outer=1 offset=2726289 size=7 clippings=0 points=(113.970,139.272)(113.470,141.482)(114.095,141.683)(113.533,143.490)(114.658,143.691)(114.970,142.838)(115.220,139.574)
AREA building outer=1 offset=2714067 size=5 clippings=0 points=(117.595,130.686)(119.158,127.322)(114.783,126.217)(114.220,127.623)(113.533,128.979)
AREA building outer=1 offset=2709990 size=4 clippings=0 points=(116.845,49.542)(113.658,49.542)(114.033,41.759)(116.845,41.809)
AREA highway_pedestrian outer=1 offset=2618415 size=130 clippings=0 points=(167.970,-49.026)(170.095,-47.118)(171.283,-46.968)(171.345,-42.348)(172.095,-42.348)(172.408,-34.515)(170.470,-32.858)(168.408,-31.452)(168.095,-39.787)(167.783,-39.737)(167.658,-40.390)(167.033,-40.942)(166.283,-41.243)(165.408,-41.294)(164.658,-40.942)(164.595,-40.791)(164.408,-40.942)(160.283,-35.871)(156.533,-31.703)(156.095,-32.054)(148.595,-23.418)(153.595,-14.430)(154.283,-15.183)(155.408,-14.279)(154.720,-13.576)(154.845,-13.425)(156.908,-7.902)(158.408,-4.186)(159.220,-2.579)(158.658,-2.328)(159.220,-1.173)(159.783,-1.475)(159.908,-1.173)(160.033,-1.224)(160.408,-0.320)(160.095,-0.069)(160.658,1.086)(160.970,0.936)(161.345,1.689)(161.158,1.739)(161.470,1.990)(163.595,6.258)(161.345,8.116)(160.783,8.317)(158.283,8.367)(158.220,4.199)(149.533,4.250)(149.470,6.509)(146.908,6.559)(146.908,5.907)(145.658,5.907)(145.658,5.304)(140.533,5.354)(140.533,5.957)(127.533,6.007)(127.533,5.505)(127.533,4.400)(129.470,4.501)(132.033,4.250)(135.408,4.400)(149.595,3.195)(154.095,1.940)(157.408,1.136)(153.470,-8.053)(148.908,-16.488)(146.658,-20.305)(136.595,-14.379)(136.220,-14.279)(135.845,-14.982)(135.220,-16.237)(134.970,-17.091)(133.845,-18.547)(135.220,-18.648)(137.845,-20.104)(141.970,-22.614)(145.158,-24.673)(141.720,-29.594)(139.283,-32.657)(133.970,-38.783)(131.158,-41.695)(129.345,-43.101)(128.345,-43.151)(127.720,-44.407)(119.595,-44.909)(119.720,-45.763)(120.033,-46.666)(127.970,-46.265)(128.220,-46.666)(128.220,-49.729)(128.095,-52.642)(127.658,-57.412)(127.220,-58.768)(119.095,-69.714)(117.158,-71.472)(115.783,-74.334)(114.533,-75.991)(118.533,-76.393)(123.908,-76.895)(121.658,-72.928)(127.845,-64.442)(128.845,-62.885)(129.658,-61.831)(130.408,-60.776)(130.533,-54.449)(130.533,-49.679)(131.220,-48.323)(131.033,-47.821)(131.533,-47.118)(132.033,-47.068)(134.095,-43.905)(133.970,-43.704)(133.970,-43.302)(134.408,-42.700)(134.908,-42.599)(135.095,-42.750)(140.595,-35.620)(140.283,-35.469)(141.595,-33.511)(143.095,-31.703)(146.033,-27.887)(146.533,-27.636)(147.470,-27.837)(147.845,-28.188)(149.908,-30.648)(153.158,-34.816)(159.783,-42.449)(160.283,-43.101)(163.283,-46.516)(165.283,-48.775)(166.595,-50.232)
AREA building outer=1 offset=2713735 size=6 clippings=0 points=(116.470,123.054)(115.658,124.711)(114.783,126.217)(119.158,127.422)(121.658,127.623)(122.408,125.012)
AREA building outer=1 offset=2713936 size=7 clippings=0 points=(116.470,123.054)(115.658,124.711)(114.783,126.217)(119.158,127.322)(119.158,127.422)(121.658,127.623)(122.408,125.012)
AREA building outer=1 offset=2726224 size=4 clippings=0 points=(115.220,139.473)(114.970,142.838)(120.033,143.089)(120.220,139.724)
AREA highway_pedestrian outer=1 offset=2725065 size=14 clippings=0 points=(136.783,168.747)(136.595,172.463)(134.158,172.363)(132.720,172.915)(130.783,173.467)(127.595,173.668)(125.408,173.518)(122.970,172.865)(120.408,171.660)(117.970,171.559)(115.783,171.459)(116.783,148.863)(118.220,148.712)(117.220,167.693)
AREA building outer=1 offset=2726312 size=6 clippings=0 points=(117.783,130.786)(117.595,130.736)(116.345,133.397)(119.970,134.050)(120.533,131.088)(120.033,130.987)
AREA building outer=1 offset=2713640 size=8 clippings=0 points=(118.283,119.840)(117.408,121.497)(116.470,123.054)(122.470,125.012)(122.845,123.957)(126.783,125.263)(127.658,122.652)(123.783,121.497)
AREA building outer=1 offset=2710118 size=7 clippings=0 points=(121.220,49.391)(116.845,49.542)(116.845,41.809)(116.783,34.980)(119.720,35.030)(121.345,36.235)(121.158,42.813)
AREA building outer=1 offset=2729096 size=11 clippings=0 points=(126.345,219.161)(124.533,219.061)(121.470,218.860)(120.220,218.910)(117.283,218.709)(117.033,223.781)(120.970,223.932)(120.908,225.287)(123.220,225.388)(123.220,224.032)(126.095,224.183)
AREA amenity_building outer=1 offset=2726617 size=4 clippings=0 points=(118.220,148.712)(137.783,149.717)(136.783,168.747)(117.220,167.693)
AREA building outer=1 offset=2710163 size=7 clippings=0 points=(117.658,51.600)(120.908,51.600)(120.720,57.726)(120.595,60.287)(121.720,60.287)(121.595,62.898)(117.283,62.647)
AREA amenity_bank_building outer=1 offset=2773386 size=14 clippings=0 points=(122.470,232.468)(125.158,232.317)(125.283,235.481)(122.345,235.631)(122.470,237.188)(123.220,237.138)(123.345,239.548)(122.783,239.598)(123.220,247.180)(122.283,247.230)(122.345,248.385)(118.220,248.586)(117.345,232.217)(122.408,231.966)
AREA building outer=1 offset=2608585 size=6 clippings=0 points=(117.908,18.309)(124.908,18.259)(124.908,16.903)(127.720,16.903)(127.720,10.175)(117.908,10.275)
AREA building outer=1 offset=2773550 size=6 clippings=0 points=(122.345,248.385)(118.220,248.586)(118.470,255.064)(122.970,254.863)(122.658,248.887)(122.345,248.887)
AREA building outer=1 offset=2713610 size=9 clippings=0 points=(120.658,115.421)(118.283,119.840)(123.783,121.497)(124.283,120.091)(124.720,120.242)(125.095,118.685)(124.658,118.484)(125.345,117.229)(124.908,117.028)
AREA building outer=1 offset=2710305 size=4 clippings=0 points=(121.595,28.703)(118.470,28.603)(118.408,33.373)(121.470,33.323)
AREA building outer=1 offset=2773608 size=4 clippings=0 points=(122.845,260.035)(122.533,254.863)(118.470,255.064)(118.783,260.286)
AREA building outer=1 offset=2725548 size=8 clippings=0 points=(122.658,139.122)(122.720,138.067)(121.283,137.967)(121.220,139.021)(120.283,138.971)(120.033,143.089)(126.908,143.440)(127.158,139.323)
AREA building outer=1 offset=2725735 size=6 clippings=0 points=(120.283,127.523)(120.033,130.987)(120.533,131.088)(125.845,131.590)(126.158,128.075)(121.658,127.623)
AREA highway_service outer=1 offset=2725331 size=18 clippings=0 points=(120.783,135.155)(120.345,137.163)(120.283,138.971)(120.595,139.021)(121.220,139.021)(121.283,137.967)(122.720,138.067)(122.658,139.122)(127.158,139.323)(127.283,136.762)(127.595,136.762)(127.283,136.260)(126.845,136.209)(126.720,134.954)(127.220,134.954)(125.408,134.703)(122.345,134.703)(122.283,135.356)
AREA building outer=1 offset=2713710 size=6 clippings=0 points=(122.595,112.308)(120.658,115.421)(124.908,117.028)(125.720,114.869)(129.970,116.476)(130.220,115.170)
AREA building outer=1 offset=2710281 size=6 clippings=0 points=(120.908,51.600)(123.470,51.550)(123.345,55.266)(122.408,55.266)(122.408,57.777)(120.720,57.726)
AREA building outer=1 offset=2710217 size=6 clippings=0 points=(121.158,42.813)(121.595,28.703)(130.658,28.402)(130.970,32.921)(125.658,33.072)(125.720,42.863)
AREA building outer=1 offset=2711132 size=4 clippings=0 points=(125.720,49.391)(121.220,49.391)(121.158,42.813)(125.720,42.863)
AREA building outer=1 offset=2713999 size=7 clippings=0 points=(122.845,123.957)(122.470,125.012)(122.408,125.012)(121.658,127.623)(131.533,128.577)(131.845,126.920)(126.783,125.263)
AREA building outer=1 offset=2608489 size=7 clippings=0 points=(124.408,-1.977)(123.970,-1.123)(123.345,-0.219)(122.533,0.534)(122.158,0.785)(124.845,3.446)(126.658,-1.575)
AREA building outer=1 offset=2721218 size=7 clippings=0 points=(124.908,108.693)(122.595,112.308)(130.658,115.321)(135.720,114.317)(137.158,114.517)(137.220,111.505)(129.220,110.952)
AREA building outer=1 offset=2710189 size=8 clippings=0 points=(123.470,51.550)(126.845,51.500)(126.533,57.425)(124.345,57.425)(124.158,55.015)(123.595,55.115)(123.595,55.266)(123.345,55.266)
AREA building outer=1 offset=2714041 size=5 clippings=0 points=(124.283,120.091)(123.783,121.497)(129.470,123.204)(129.658,122.049)(124.720,120.242)
AREA building outer=1 offset=2713976 size=7 clippings=0 points=(125.345,117.229)(124.658,118.484)(125.095,118.685)(124.720,120.242)(129.658,122.049)(130.095,118.986)(127.408,117.982)
AREA building outer=1 offset=2614495 size=12 clippings=0 points=(129.220,-12.572)(127.033,-12.070)(126.658,-1.575)(124.845,3.446)(127.533,6.007)(127.533,4.400)(128.908,4.300)(130.470,3.597)(130.970,3.195)(131.220,2.894)(129.345,2.944)(129.283,-8.705)
AREA building outer=1 offset=2721163 size=7 clippings=0 points=(137.220,111.505)(137.345,108.341)(130.470,108.241)(126.845,105.981)(126.220,106.935)(124.908,108.693)(129.220,110.952)
AREA building outer=1 offset=2773627 size=6 clippings=0 points=(130.408,232.267)(125.283,232.116)(125.158,232.317)(125.283,235.481)(125.158,235.832)(130.283,235.983)
AREA building outer=1 offset=2726333 size=8 clippings=0 points=(126.158,128.075)(125.845,131.590)(125.720,131.540)(125.408,134.703)(127.220,134.954)(127.408,132.745)(127.470,132.594)(127.845,128.226)
AREA building outer=1 offset=2710092 size=4 clippings=0 points=(125.720,42.863)(129.408,42.914)(128.533,49.391)(125.720,49.391)
AREA building outer=1 offset=2733391 size=12 clippings=0 points=(126.095,224.183)(135.345,224.584)(135.595,219.563)(133.845,219.463)(133.845,219.513)(131.533,219.362)(130.345,219.312)(130.345,219.362)(128.033,219.212)(126.845,219.161)(126.845,219.212)(126.345,219.161)
AREA building outer=1 offset=2780283 size=4 clippings=0 points=(130.158,254.612)(129.845,248.134)(126.345,248.235)(126.720,254.762)
AREA building outer=1 offset=2716409 size=5 clippings=0 points=(126.845,51.500)(130.033,51.550)(130.033,57.726)(126.533,57.777)(126.533,57.425)
AREA building outer=1 offset=2780098 size=4 clippings=0 points=(126.970,260.085)(130.470,259.884)(130.158,254.612)(126.720,254.762)
AREA building outer=1 offset=2720433 size=9 clippings=0 points=(129.470,123.204)(127.658,122.652)(127.345,123.506)(128.845,124.008)(128.533,124.962)(127.033,124.460)(126.783,125.263)(131.845,126.920)(132.470,124.058)
AREA shop_building outer=1 offset=2722294 size=10 clippings=0 points=(131.220,101.111)(130.345,101.362)(129.658,101.964)(126.845,105.981)(130.470,108.241)(137.345,108.341)(137.470,105.228)(134.783,105.178)(134.783,103.471)(131.283,103.621)
AREA building outer=1 offset=2730223 size=6 clippings=0 points=(128.158,139.423)(128.220,139.222)(127.158,139.172)(126.970,143.440)(131.658,143.691)(131.845,139.574)
AREA building outer=1 offset=2730277 size=7 clippings=0 points=(127.283,136.762)(127.158,139.172)(128.220,139.222)(128.158,139.423)(131.845,139.574)(131.970,136.963)(127.595,136.762)
AREA building outer=1 offset=2729960 size=8 clippings=0 points=(127.408,132.745)(127.220,135.004)(127.283,136.260)(127.595,136.762)(132.158,136.963)(132.408,132.494)(130.408,132.494)(130.408,132.594)
AREA building outer=1 offset=2729904 size=9 clippings=0 points=(127.845,128.226)(127.408,132.745)(130.408,132.594)(130.408,132.494)(133.845,132.443)(134.033,131.138)(133.783,131.088)(134.095,128.828)(131.533,128.577)
AREA building outer=1 offset=2613085 size=21 clippings=0 points=(127.658,6.007)(127.720,10.175)(127.720,19.464)(140.783,19.364)(140.783,18.209)(160.845,18.259)(160.783,8.317)(158.283,8.367)(158.220,4.199)(149.533,4.250)(149.470,6.509)(146.908,6.559)(146.908,5.907)(145.658,5.907)(145.658,5.304)(140.533,5.354)(140.533,5.957)(137.658,5.957)(137.658,6.308)(135.720,6.308)(135.720,5.957)
AREA building outer=1 offset=2716509 size=5 clippings=0 points=(129.970,39.650)(129.408,42.914)(128.533,49.391)(137.720,48.839)(138.220,39.851)
AREA highway_pedestrian outer=1 offset=2714751 size=52 clippings=0 points=(130.845,61.995)(132.033,61.442)(139.095,61.191)(139.033,59.534)(141.595,59.484)(142.408,59.484)(142.970,59.484)(142.970,60.538)(149.220,60.388)(153.345,60.388)(156.533,60.287)(157.595,56.672)(158.345,54.513)(159.095,51.852)(159.033,49.441)(160.970,48.537)(161.970,48.136)(165.220,47.935)(164.908,48.789)(163.658,56.873)(162.595,56.873)(162.470,62.999)(163.283,63.401)(163.408,65.007)(163.720,64.957)(163.783,66.664)(164.095,66.614)(164.158,68.221)(164.470,68.171)(164.470,69.778)(164.845,69.778)(164.970,71.384)(165.283,71.384)(165.345,72.991)(165.658,72.991)(165.783,74.447)(163.220,74.598)(161.283,74.698)(156.158,74.749)(145.908,74.849)(136.345,74.899)(135.970,74.598)(134.908,74.297)(134.095,74.498)(133.595,74.849)(132.283,74.899)(132.158,78.213)(132.095,79.569)(130.908,79.519)(129.470,79.870)(129.720,78.063)(130.033,61.995)
AREA building outer=1 offset=2720886 size=13 clippings=0 points=(136.470,114.116)(135.720,114.116)(130.658,115.170)(130.158,115.120)(129.533,118.685)(130.095,118.836)(129.658,122.049)(129.470,123.054)(132.408,123.957)(132.970,123.606)(133.658,118.585)(135.783,118.786)(136.158,118.334)
AREA amenity_school outer=1 offset=2779295 size=29 clippings=0 points=(133.220,232.367)(156.658,233.221)(168.158,233.773)(168.095,235.732)(172.408,235.782)(172.283,236.887)(171.845,263.449)(172.220,264.855)(172.220,271.182)(169.220,271.031)(164.970,270.981)(150.408,269.927)(148.595,269.726)(144.845,269.475)(141.345,268.219)(139.658,267.516)(132.408,264.956)(130.783,264.303)(130.720,262.445)(130.470,259.884)(130.158,254.612)(129.845,248.134)(129.908,247.883)(130.220,242.611)(131.720,241.305)(133.720,238.945)(133.283,238.192)(133.095,237.238)(133.095,236.083)
AREA natural_scrub outer=1 offset=2778713 size=20 clippings=0 points=(129.908,247.883)(131.220,248.034)(131.720,255.616)(131.845,263.048)(132.470,264.002)(134.470,264.755)(137.158,264.905)(141.783,264.604)(141.845,266.060)(143.908,266.914)(145.220,267.265)(144.845,269.475)(141.345,268.219)(139.658,267.516)(132.408,264.956)(130.783,264.303)(130.720,262.445)(130.470,259.884)(130.158,254.612)(129.845,248.134)
AREA building outer=1 offset=2716538 size=6 clippings=0 points=(139.533,28.452)(130.658,28.402)(130.970,32.921)(131.095,34.076)(129.970,39.650)(138.220,39.851)
AREA highway_pedestrian outer=1 offset=2721831 size=59 clippings=0 points=(187.595,76.255)(188.033,76.255)(188.158,80.624)(188.220,82.180)(182.720,82.180)(171.533,82.532)(172.283,96.993)(172.283,98.650)(170.970,99.303)(170.345,100.809)(170.658,104.575)(167.783,104.776)(167.470,101.311)(147.908,101.512)(147.908,101.763)(145.720,101.663)(131.220,101.111)(130.345,101.362)(130.033,101.613)(131.158,98.700)(132.033,96.541)(146.908,97.345)(165.408,97.345)(165.533,91.821)(164.033,86.197)(164.220,86.197)(161.283,74.698)(163.220,74.598)(165.783,74.447)(169.408,74.347)(169.408,77.058)(169.470,77.310)(169.470,77.812)(174.470,77.510)(174.470,77.109)(174.595,77.109)(174.533,76.807)(174.470,76.807)(174.408,76.205)(174.533,76.205)(174.533,75.954)(174.408,75.954)(174.345,75.301)(174.470,75.301)(174.470,75.100)(174.345,75.100)(174.345,74.849)(174.783,74.849)(174.720,73.995)(174.970,73.995)(174.845,71.736)(174.595,71.786)(174.408,68.472)(174.970,68.472)(174.970,68.070)(176.908,67.920)(178.158,67.870)(178.220,68.372)(187.158,67.468)
AREA highway_pedestrian outer=1 offset=2715010 size=6 clippings=0 points=(132.033,61.442)(131.783,51.400)(130.783,51.550)(130.033,51.550)(130.033,61.995)(130.845,61.995)
AREA natural_scrub outer=1 offset=2778585 size=8 clippings=0 points=(131.470,239.899)(132.345,240.552)(131.720,241.305)(130.220,242.611)(130.283,235.983)(130.658,235.983)(130.658,237.288)(130.908,238.744)
AREA building outer=1 offset=2780115 size=4 clippings=0 points=(133.220,232.367)(130.408,232.267)(130.283,235.983)(133.095,236.083)
AREA building outer=1 offset=2721112 size=6 clippings=0 points=(137.470,105.228)(137.658,101.362)(131.220,101.111)(131.283,103.621)(134.783,103.471)(134.783,105.178)
AREA building outer=1 offset=2730086 size=8 clippings=0 points=(134.845,137.364)(134.720,139.875)(133.533,139.825)(133.533,139.523)(131.845,139.323)(131.658,143.691)(137.970,143.992)(138.845,137.917)
AREA building outer=1 offset=2716885 size=5 clippings=0 points=(131.783,51.400)(131.783,50.596)(141.408,49.943)(141.345,50.797)(135.158,51.249)
AREA building outer=1 offset=2716703 size=4 clippings=0 points=(135.158,51.249)(131.783,51.400)(131.908,57.325)(135.095,57.224)
AREA building outer=1 offset=2716828 size=6 clippings=0 points=(131.908,57.325)(132.033,61.442)(139.095,61.191)(139.033,59.534)(139.033,57.074)(135.095,57.224)
AREA shop_building outer=1 offset=2722103 size=12 clippings=0 points=(132.033,96.541)(132.095,79.569)(132.283,74.899)(133.595,74.899)(134.220,74.498)(134.908,74.347)(135.470,74.447)(135.970,74.648)(136.345,74.899)(145.908,74.849)(145.720,81.979)(146.283,97.345)
AREA natural_scrub outer=1 offset=2778908 size=12 clippings=0 points=(140.345,253.507)(142.095,253.055)(142.408,251.398)(143.408,249.691)(143.658,248.837)(141.720,248.184)(134.095,247.481)(132.658,248.034)(132.158,248.988)(133.220,252.252)(133.345,248.486)(140.533,248.737)
AREA highway_service outer=1 offset=2729573 size=7 clippings=0 points=(132.408,132.494)(132.158,136.963)(134.845,137.364)(135.470,132.946)(135.470,132.695)(133.845,132.443)(133.845,132.494)
AREA leisure_pitch outer=1 offset=2779168 size=5 clippings=0 points=(133.345,248.486)(140.533,248.737)(139.970,263.148)(132.845,262.897)(133.220,252.252)
AREA building outer=1 offset=2733568 size=7 clippings=0 points=(133.658,224.534)(133.658,225.338)(133.095,225.287)(132.908,228.903)(135.158,228.953)(135.283,224.785)(135.345,224.584)
AREA highway_service outer=1 offset=2720049 size=6 clippings=0 points=(135.783,118.786)(133.658,118.585)(132.970,123.606)(133.783,122.953)(135.095,123.154)(135.220,122.602)
AREA building outer=1 offset=2729869 size=8 clippings=0 points=(134.095,128.828)(133.783,131.088)(134.033,131.138)(133.845,132.443)(139.470,133.197)(139.845,131.289)(140.033,129.380)(134.658,128.828)
AREA building outer=1 offset=2779456 size=12 clippings=0 points=(136.158,232.468)(151.970,233.020)(151.845,236.686)(152.533,236.736)(152.283,243.464)(151.533,243.414)(151.408,246.678)(134.345,246.076)(134.470,242.812)(134.720,242.812)(134.783,242.259)(135.783,242.259)
AREA building outer=1 offset=2721263 size=5 clippings=0 points=(135.408,123.305)(135.033,126.418)(134.658,128.828)(139.408,129.280)(140.158,123.907)
AREA building outer=1 offset=2729938 size=5 clippings=0 points=(135.470,132.695)(134.845,137.364)(138.845,137.917)(139.095,135.557)(139.470,133.197)
AREA building outer=1 offset=2614427 size=9 clippings=0 points=(135.033,-5.291)(135.095,-5.241)(134.908,-5.241)(135.283,1.839)(138.408,1.689)(138.283,-0.219)(138.470,-0.370)(137.220,-2.881)(135.970,-5.693)
AREA natural_scrub outer=1 offset=2778631 size=12 clippings=0 points=(135.095,246.076)(135.095,246.879)(143.658,247.481)(145.158,248.335)(147.658,248.586)(148.970,248.586)(150.470,248.034)(151.595,247.984)(152.408,247.180)(152.220,246.427)(151.470,245.774)(151.408,246.678)
AREA building outer=1 offset=2716182 size=4 clippings=0 points=(135.095,57.224)(139.033,57.074)(138.908,50.998)(135.158,51.249)
AREA building outer=1 offset=2733487 size=5 clippings=0 points=(135.283,224.785)(135.158,228.953)(141.658,229.204)(141.845,225.086)(137.845,224.886)
AREA building outer=1 offset=2614385 size=7 clippings=0 points=(135.283,1.839)(135.408,4.400)(147.345,3.396)(147.345,3.195)(146.720,0.735)(143.033,1.488)(138.408,1.689)
AREA building outer=1 offset=2733335 size=7 clippings=0 points=(138.783,219.714)(135.595,219.563)(135.345,224.584)(135.283,224.785)(137.845,224.886)(137.845,223.932)(138.595,223.932)
AREA building outer=1 offset=2721196 size=5 clippings=0 points=(136.158,118.334)(135.408,123.305)(140.158,123.907)(140.533,120.945)(140.845,118.986)
AREA building outer=1 offset=2721143 size=4 clippings=0 points=(140.845,118.986)(141.345,115.120)(136.658,114.467)(136.158,118.334)
AREA highway_pedestrian outer=1 offset=2729404 size=32 clippings=0 points=(140.095,144.093)(152.158,144.695)(152.158,144.796)(152.283,144.796)(152.408,144.645)(164.345,145.298)(166.158,145.951)(168.658,147.758)(169.158,150.319)(168.720,165.182)(168.908,166.237)(173.158,169.250)(176.470,168.095)(176.658,170.153)(176.783,171.057)(175.533,173.769)(173.283,175.878)(172.408,177.083)(171.845,178.288)(171.220,180.648)(164.345,180.698)(160.408,180.598)(154.595,180.548)(152.720,179.393)(150.033,179.292)(139.220,178.941)(139.533,172.564)(136.595,172.463)(136.783,168.747)(137.783,149.717)(139.908,149.717)(139.970,147.156)
AREA building outer=1 offset=2720495 size=5 clippings=0 points=(137.408,106.734)(137.220,111.505)(137.158,114.517)(141.970,115.220)(143.033,107.538)
AREA building outer=1 offset=2720984 size=4 clippings=0 points=(137.470,105.228)(137.408,106.734)(143.033,107.538)(143.345,105.379)
AREA building outer=1 offset=2720467 size=5 clippings=0 points=(137.658,101.412)(137.470,105.228)(143.345,105.379)(143.470,101.562)(140.595,101.512)
AREA building outer=1 offset=2716384 size=4 clippings=0 points=(141.533,48.537)(137.720,48.839)(138.220,39.851)(142.033,39.800)
AREA building outer=1 offset=2716569 size=6 clippings=0 points=(138.220,39.851)(139.533,28.452)(145.033,28.603)(144.658,38.545)(142.220,38.646)(142.033,39.800)
AREA building outer=1 offset=2733591 size=6 clippings=0 points=(138.595,223.932)(139.345,223.982)(139.283,224.986)(141.845,225.086)(142.033,219.864)(138.783,219.714)
AREA building outer=1 offset=2716202 size=4 clippings=0 points=(139.033,55.718)(138.908,50.998)(141.345,50.797)(141.470,55.668)
AREA amenity_building outer=1 offset=2733158 size=5 clippings=0 points=(139.720,179.995)(145.283,180.548)(144.533,188.481)(138.970,187.929)(139.595,181.251)
AREA building outer=1 offset=2716808 size=4 clippings=0 points=(141.470,55.668)(141.595,59.484)(139.033,59.534)(139.033,55.718)
AREA building outer=1 offset=2721046 size=6 clippings=0 points=(139.408,129.280)(140.033,129.330)(140.345,126.669)(140.783,124.058)(140.158,123.907)(140.158,123.957)
AREA building outer=1 offset=2721074 size=6 clippings=0 points=(140.283,122.953)(140.908,123.054)(141.970,115.220)(141.345,115.120)(140.845,118.986)(140.533,120.945)
AREA building outer=1 offset=2716859 size=5 clippings=0 points=(141.408,49.943)(149.345,49.291)(149.408,50.144)(142.033,50.797)(141.345,50.797)
AREA highway_pedestrian outer=1 offset=2715057 size=6 clippings=0 points=(141.595,59.484)(141.345,50.797)(142.033,50.797)(142.720,50.747)(142.970,59.484)(142.408,59.484)
AREA building outer=1 offset=2716344 size=6 clippings=0 points=(144.908,48.387)(141.533,48.537)(142.033,39.800)(142.220,38.646)(144.658,38.545)(144.595,41.859)
AREA building outer=1 offset=2733315 size=4 clippings=0 points=(141.845,224.534)(141.658,229.204)(146.408,229.355)(146.595,224.735)
AREA building outer=1 offset=2733653 size=4 clippings=0 points=(146.595,224.735)(146.783,220.065)(142.033,219.864)(141.845,224.534)
AREA natural_scrub outer=1 offset=2778807 size=15 clippings=0 points=(148.595,254.511)(147.345,254.762)(146.345,254.310)(145.908,253.607)(145.595,252.904)(142.595,254.110)(144.845,266.562)(146.345,265.106)(147.408,263.851)(146.720,262.646)(146.970,260.336)(148.095,259.432)(148.908,257.976)(149.095,256.972)(149.033,255.767)
AREA building outer=1 offset=2716677 size=4 clippings=0 points=(142.908,57.174)(142.720,50.747)(145.095,50.496)(145.470,57.275)
AREA building outer=1 offset=2716780 size=5 clippings=0 points=(149.095,57.275)(149.220,60.388)(142.970,60.538)(142.908,57.174)(145.470,57.275)
AREA building outer=1 offset=2730300 size=4 clippings=0 points=(144.533,126.267)(143.158,136.209)(147.783,136.611)(149.158,126.820)
AREA building outer=1 offset=2729825 size=13 clippings=0 points=(148.533,140.478)(147.783,140.427)(147.658,140.076)(147.283,139.925)(146.970,140.076)(146.783,140.377)(145.908,140.327)(146.158,136.460)(143.470,136.209)(143.283,140.377)(143.595,140.377)(143.345,144.294)(148.283,144.545)
AREA building outer=1 offset=2720942 size=8 clippings=0 points=(149.158,126.820)(150.095,120.443)(153.720,120.945)(153.970,118.886)(154.033,118.886)(154.158,117.480)(145.908,116.325)(144.533,126.267)
AREA building outer=1 offset=2716476 size=6 clippings=0 points=(148.470,48.035)(144.908,48.387)(144.595,41.859)(145.533,41.859)(145.533,42.663)(148.283,42.512)
AREA building outer=1 offset=2716431 size=9 clippings=0 points=(145.033,28.603)(160.095,28.553)(161.095,47.483)(148.470,48.035)(148.283,42.512)(148.158,40.353)(146.095,40.403)(145.720,35.281)(144.783,35.382)
AREA building outer=1 offset=2716266 size=7 clippings=0 points=(145.470,57.275)(145.095,50.496)(147.720,50.295)(147.970,54.111)(147.970,55.316)(149.033,55.316)(149.095,57.275)
AREA building outer=1 offset=2614039 size=12 clippings=0 points=(148.783,-5.843)(147.845,-5.241)(145.158,-3.885)(146.658,-0.973)(146.908,0.182)(147.033,0.132)(147.158,0.534)(146.720,0.634)(147.345,3.195)(154.095,1.940)(157.408,1.136)(153.470,-8.053)
AREA building outer=1 offset=2720771 size=15 clippings=0 points=(165.408,97.345)(165.533,91.821)(164.033,86.197)(158.970,87.001)(158.783,86.398)(157.158,86.348)(157.158,86.900)(150.908,86.499)(150.970,85.193)(150.033,83.184)(148.533,82.230)(146.720,81.779)(145.720,81.979)(146.283,97.345)(146.908,97.345)
AREA building outer=1 offset=2720635 size=13 clippings=0 points=(145.908,74.849)(161.283,74.698)(163.220,82.281)(158.408,83.486)(158.033,82.180)(157.095,82.180)(157.158,86.900)(150.908,86.499)(150.970,85.193)(150.033,83.184)(148.533,82.230)(146.720,81.779)(145.720,81.979)
AREA building outer=1 offset=2720378 size=7 clippings=0 points=(146.408,112.911)(145.908,116.325)(151.345,117.078)(151.783,113.563)(150.408,113.363)(150.408,113.463)(150.283,113.413)
AREA highway_service outer=1 offset=2729601 size=8 clippings=0 points=(146.283,136.360)(146.220,136.963)(146.158,139.925)(152.595,140.277)(152.595,138.419)(151.345,138.419)(151.345,136.963)(147.908,136.561)
AREA shop_building outer=1 offset=2722196 size=7 clippings=0 points=(146.908,109.145)(146.408,112.911)(150.408,113.463)(150.408,113.363)(151.720,113.563)(152.158,109.898)(151.345,109.747)
AREA building outer=1 offset=2733361 size=5 clippings=0 points=(146.783,220.065)(146.470,227.698)(150.095,227.848)(150.595,220.266)(148.720,220.166)
AREA building outer=1 offset=2720404 size=9 clippings=0 points=(147.470,104.826)(147.345,106.885)(146.908,109.145)(151.345,109.747)(151.283,108.191)(151.283,105.579)(149.658,105.579)(149.720,104.826)(147.533,104.776)
AREA amenity_restaurant_building outer=1 offset=2719899 size=11 clippings=0 points=(147.908,101.512)(147.908,101.763)(147.595,103.922)(147.658,103.922)(147.533,104.776)(149.720,104.826)(149.658,105.579)(151.283,105.579)(151.283,104.274)(155.033,104.224)(155.033,101.412)
AREA building outer=1 offset=2716657 size=4 clippings=0 points=(149.283,50.144)(147.720,50.295)(147.970,54.111)(149.470,54.061)
AREA amenity_parking outer=1 offset=2729638 size=6 clippings=0 points=(153.720,120.945)(150.095,120.342)(149.345,126.518)(147.908,136.561)(151.658,137.013)(152.095,133.498)
AREA building outer=1 offset=2730326 size=8 clippings=0 points=(148.283,144.545)(152.158,144.695)(152.158,144.796)(152.283,144.746)(152.470,140.226)(149.283,140.026)(149.283,140.478)(148.533,140.478)
AREA building outer=1 offset=2716245 size=5 clippings=0 points=(153.283,56.421)(153.283,55.266)(149.033,55.316)(149.220,60.388)(153.345,60.388)
AREA building outer=1 offset=2716742 size=4 clippings=0 points=(150.970,50.044)(149.283,50.144)(149.470,54.061)(151.283,54.111)
AREA building outer=1 offset=2733551 size=4 clippings=0 points=(150.283,224.936)(149.970,229.505)(153.845,229.656)(154.033,225.086)
AREA building outer=1 offset=2733293 size=5 clippings=0 points=(150.595,220.266)(150.283,224.936)(154.033,225.086)(154.283,220.417)(152.408,220.366)
AREA building outer=1 offset=2716723 size=4 clippings=0 points=(151.283,54.111)(153.220,54.011)(152.908,49.893)(150.970,50.044)
AREA building outer=1 offset=2721321 size=4 clippings=0 points=(151.283,104.274)(151.283,105.579)(155.033,105.529)(155.033,104.224)
AREA leisure_garden outer=1 offset=2720028 size=6 clippings=0 points=(154.595,111.705)(154.158,117.480)(151.345,117.078)(151.783,113.563)(151.720,113.563)(151.970,111.354)
AREA amenity_parking outer=1 offset=2720263 size=25 clippings=0 points=(168.095,112.007)(168.158,110.802)(168.158,109.496)(159.595,109.647)(159.408,106.684)(155.033,106.835)(153.720,120.945)(151.658,137.013)(160.908,138.017)(165.595,138.620)(166.283,133.347)(160.908,132.443)(161.595,128.376)(159.720,128.025)(159.970,126.418)(160.408,126.468)(160.533,125.715)(158.595,125.414)(160.345,116.275)(162.158,116.576)(162.345,115.421)(162.033,115.371)(162.595,111.655)(164.970,112.057)(165.095,111.505)
AREA building outer=1 offset=2779746 size=50 clippings=0 points=(156.033,233.824)(156.658,233.221)(157.283,233.974)(157.533,233.924)(157.595,233.422)(168.158,233.773)(167.845,244.519)(169.283,246.025)(168.595,247.030)(168.345,253.607)(170.283,253.507)(170.283,254.612)(169.845,256.319)(169.283,257.474)(170.595,258.177)(168.158,260.838)(166.220,258.579)(165.095,259.533)(163.345,260.286)(161.970,260.688)(162.220,264.102)(160.033,264.102)(159.408,263.901)(159.533,262.545)(158.283,262.345)(156.720,261.692)(155.470,260.888)(154.845,260.386)(153.845,261.441)(152.283,259.834)(151.783,258.880)(154.220,257.273)(154.470,257.474)(156.908,255.616)(157.533,256.369)(158.533,255.365)(157.970,254.411)(157.783,253.256)(158.220,253.206)(158.283,252.704)(158.658,251.900)(158.845,251.247)(159.220,251.599)(159.783,251.197)(161.283,250.896)(161.845,250.946)(162.158,242.510)(161.470,242.460)(161.470,242.761)(155.845,242.611)
AREA building outer=1 offset=2730054 size=4 clippings=0 points=(160.783,139.925)(152.533,139.523)(152.283,144.746)(160.095,145.097)
AREA natural_scrub outer=1 offset=2778948 size=10 clippings=0 points=(156.908,255.616)(157.095,254.110)(156.408,253.005)(154.595,252.402)(153.533,253.407)(152.408,255.415)(153.158,256.972)(153.658,257.675)(154.220,257.273)(154.470,257.474)
AREA building outer=1 offset=2716325 size=4 clippings=0 points=(153.220,54.011)(155.033,53.860)(154.783,49.743)(152.908,49.893)
AREA building outer=1 offset=2716222 size=6 clippings=0 points=(157.595,56.672)(156.533,60.287)(153.345,60.388)(153.283,56.421)(155.283,56.220)(155.970,56.270)
AREA building outer=1 offset=2733513 size=6 clippings=0 points=(154.033,225.187)(153.845,229.656)(156.658,229.756)(167.408,229.405)(167.533,225.739)(163.283,225.538)
AREA office_building outer=1 offset=2732901 size=18 clippings=0 points=(159.533,220.718)(158.908,220.618)(158.283,220.668)(158.283,220.567)(157.783,220.718)(156.658,220.668)(156.658,220.869)(155.970,220.869)(156.033,220.517)(154.283,220.417)(154.033,225.187)(163.283,225.538)(163.533,220.818)(161.845,220.768)(161.845,221.069)(161.158,221.069)(161.220,220.869)(159.595,220.618)
AREA building outer=1 offset=2730353 size=4 clippings=0 points=(154.658,137.314)(154.533,139.624)(160.783,139.925)(161.033,138.268)
AREA building outer=1 offset=2716304 size=5 clippings=0 points=(155.033,53.860)(154.783,49.743)(159.033,49.441)(159.095,51.852)(158.345,54.513)
AREA building outer=1 offset=2720921 size=5 clippings=0 points=(159.408,101.362)(155.033,101.412)(155.033,105.529)(154.970,107.036)(159.408,106.785)
AREA highway_pedestrian outer=1 offset=2734852 size=49 clippings=0 points=(155.033,184.213)(155.158,208.165)(156.845,208.165)(157.033,197.821)(157.658,197.118)(158.220,196.817)(163.908,196.716)(164.970,195.611)(164.720,189.134)(184.408,189.234)(184.533,203.294)(183.033,205.051)(182.345,205.051)(182.345,209.269)(182.220,210.123)(188.595,210.223)(189.845,210.023)(191.095,209.520)(192.158,208.366)(192.595,207.462)(192.720,206.407)(192.783,197.921)(193.408,194.858)(194.095,192.649)(195.033,190.992)(195.158,189.335)(195.658,188.531)(196.158,187.979)(196.720,180.849)(196.908,158.052)(196.470,140.226)(195.970,139.172)(194.720,138.519)(192.908,138.720)(192.220,139.825)(192.220,140.226)(193.970,144.846)(194.408,157.801)(194.158,161.617)(193.970,166.086)(192.845,183.711)(191.033,183.711)(190.908,186.925)(190.095,188.431)(187.845,188.531)(187.845,187.527)(164.095,187.477)(164.033,184.113)(157.533,184.163)
AREA building outer=1 offset=2720694 size=7 clippings=0 points=(163.220,82.281)(164.220,86.197)(158.970,87.001)(158.783,86.398)(157.158,86.348)(157.095,83.787)(158.408,83.486)
AREA building outer=1 offset=2716919 size=7 clippings=0 points=(159.033,49.441)(159.845,49.341)(159.970,51.600)(158.408,56.973)(157.595,56.672)(158.345,54.513)(159.095,51.852)
AREA amenity_bank_building outer=1 offset=2721594 size=10 clippings=0 points=(159.158,121.999)(158.470,125.614)(160.470,125.966)(160.283,126.870)(160.158,126.820)(159.908,128.175)(166.783,129.280)(167.220,126.317)(167.720,123.405)(166.283,123.154)
AREA highway_footway outer=1 offset=2733002 size=8 clippings=0 points=(162.220,208.265)(158.908,211.579)(160.158,202.440)(160.908,201.587)(162.283,201.336)(165.033,201.436)(165.033,205.955)(162.220,206.056)
AREA amenity_bank_building outer=1 offset=2721427 size=29 clippings=0 points=(166.283,123.154)(166.345,122.803)(166.533,122.853)(166.908,120.543)(167.095,120.593)(167.845,116.576)(167.658,116.526)(168.095,114.266)(167.720,114.166)(168.033,112.559)(167.908,112.258)(167.783,112.157)(166.470,111.906)(166.220,112.007)(166.095,112.157)(165.345,112.007)(165.158,112.057)(165.095,112.157)(165.033,112.509)(163.220,112.157)(162.908,112.308)(162.845,112.408)(162.658,113.312)(162.533,113.312)(162.095,115.672)(162.283,115.723)(162.158,116.576)(160.158,116.225)(159.158,121.999)
AREA building outer=1 offset=2721364 size=6 clippings=0 points=(163.408,101.362)(159.408,101.362)(159.408,106.785)(159.533,109.747)(164.158,109.898)(163.783,105.630)
AREA landuse_grass outer=1 offset=2732596 size=12 clippings=0 points=(190.158,214.240)(190.095,215.546)(188.470,215.646)(179.533,214.391)(175.283,213.989)(164.845,213.588)(160.033,213.537)(159.720,212.935)(163.533,213.035)(177.845,213.688)(187.783,213.989)(189.470,214.190)
AREA amenity_bank_building outer=1 offset=2729751 size=7 clippings=0 points=(159.908,128.175)(159.845,128.326)(161.783,128.577)(161.095,132.745)(166.158,133.448)(166.533,131.339)(166.783,129.280)
AREA building outer=1 offset=2613658 size=13 clippings=0 points=(161.470,1.990)(161.158,1.739)(161.345,1.689)(160.970,0.936)(160.658,1.086)(160.095,-0.069)(160.408,-0.320)(160.033,-1.224)(162.908,-1.676)(163.345,0.383)(164.595,0.082)(164.595,1.136)(164.533,1.387)
AREA highway_pedestrian outer=1 offset=2715104 size=130 clippings=0 points=(207.345,43.315)(207.658,40.754)(208.033,36.988)(198.283,36.436)(198.345,35.482)(197.595,31.867)(197.033,31.666)(195.908,32.821)(196.158,33.373)(195.783,33.524)(195.470,32.971)(193.908,33.072)(193.908,33.674)(193.533,33.674)(193.533,33.122)(191.595,33.223)(191.658,33.825)(191.283,33.875)(191.283,33.172)(189.658,33.273)(189.658,33.524)(189.533,33.524)(189.658,35.783)(189.158,35.834)(189.158,35.331)(188.220,35.331)(188.220,35.482)(187.908,35.583)(187.845,35.432)(186.470,35.482)(186.470,35.633)(185.658,35.583)(185.658,36.185)(185.158,36.185)(185.158,35.733)(184.158,35.783)(184.158,36.034)(182.283,36.135)(182.283,35.934)(179.970,36.034)(179.970,36.386)(179.470,36.386)(179.470,36.085)(178.970,36.034)(177.720,36.085)(177.720,36.185)(176.720,36.235)(176.345,36.737)(175.970,36.386)(176.345,35.984)(176.220,34.026)(175.595,34.076)(175.595,33.775)(174.033,33.875)(174.033,34.177)(172.533,34.277)(172.408,32.720)(172.908,32.670)(172.845,31.063)(172.345,31.063)(172.283,29.557)(170.158,29.858)(169.658,30.762)(168.595,30.863)(168.033,29.959)(167.470,30.009)(167.033,30.913)(165.970,30.913)(165.408,30.059)(165.720,29.205)(165.220,28.703)(160.095,28.553)(161.095,47.483)(161.970,48.136)(165.220,47.935)(164.908,48.789)(167.970,48.688)(168.970,48.789)(173.470,48.638)(173.595,56.572)(177.095,56.220)(176.158,48.086)(176.408,48.086)(176.470,48.537)(178.095,48.337)(178.033,47.885)(178.345,47.835)(178.408,48.337)(181.095,48.035)(181.033,47.533)(181.345,47.483)(181.408,47.935)(183.533,47.734)(183.470,47.282)(183.783,47.232)(183.845,47.634)(185.658,47.433)(185.595,46.981)(185.908,46.931)(186.095,48.989)(186.470,48.939)(186.470,48.839)(186.845,48.789)(186.908,49.441)(188.033,49.291)(187.970,48.789)(188.283,48.738)(188.345,49.190)(189.345,49.090)(189.408,48.638)(189.720,48.688)(189.658,49.140)(190.533,49.743)(190.908,49.542)(191.095,49.793)(190.720,50.094)(190.908,51.199)(191.345,51.249)(191.283,51.600)(190.783,51.500)(190.158,52.404)(190.408,52.806)(190.220,52.906)(190.533,54.864)(190.970,61.342)(191.095,62.296)(200.033,60.137)(204.658,62.145)(206.158,51.199)(206.783,47.182)
AREA building outer=1 offset=2730377 size=5 clippings=0 points=(160.095,145.097)(164.345,145.298)(165.345,138.921)(161.033,138.268)(160.783,139.925)
AREA highway_pedestrian outer=1 offset=2612747 size=11 clippings=0 points=(161.345,8.116)(160.783,8.317)(160.845,18.259)(163.095,18.259)(175.095,16.953)(174.970,14.242)(174.220,7.965)(173.908,4.953)(170.158,5.856)(167.908,5.957)(163.595,6.258)
AREA building outer=1 offset=2614265 size=4 clippings=0 points=(163.595,6.258)(165.283,2.844)(164.533,1.387)(161.470,1.990)
AREA landuse_grass outer=1 offset=2732520 size=8 clippings=0 points=(182.345,205.051)(182.345,209.269)(162.220,208.265)(162.220,206.056)(165.033,205.955)(165.033,207.160)(180.158,207.361)(180.158,205.001)
AREA building outer=1 offset=2716150 size=7 clippings=0 points=(168.158,56.823)(162.595,56.873)(162.533,61.191)(168.533,60.538)(171.845,60.488)(171.595,57.124)(168.095,57.124)
AREA building outer=1 offset=2715895 size=66 clippings=0 points=(168.970,63.702)(168.970,64.104)(168.283,64.154)(168.220,63.049)(168.033,63.099)(167.970,62.898)(166.095,63.049)(166.095,63.200)(163.283,63.401)(163.408,65.007)(163.720,64.957)(163.783,66.664)(164.095,66.614)(164.158,68.221)(164.470,68.171)(164.470,69.778)(164.845,69.778)(164.970,71.384)(165.283,71.384)(165.345,72.991)(165.658,72.991)(165.783,74.447)(169.595,74.347)(169.595,74.498)(169.408,74.498)(169.408,74.799)(169.658,74.799)(169.658,75.401)(169.470,75.401)(169.470,75.703)(169.658,75.653)(169.720,76.104)(169.533,76.104)(169.533,76.556)(169.720,76.556)(169.783,77.008)(169.408,77.058)(169.470,77.310)(169.783,77.259)(169.783,77.761)(174.470,77.510)(174.470,77.109)(174.595,77.109)(174.533,76.807)(174.470,76.807)(174.408,76.205)(174.533,76.205)(174.533,75.954)(174.408,75.954)(174.345,75.301)(174.470,75.301)(174.470,75.100)(174.345,75.100)(174.345,74.849)(174.783,74.849)(174.720,73.995)(174.970,73.995)(174.845,71.736)(174.595,71.786)(174.408,68.472)(174.970,68.472)(174.970,68.070)(178.158,67.870)(177.783,64.304)(173.845,64.405)(173.720,63.451)
AREA building outer=1 offset=2733449 size=4 clippings=0 points=(169.283,221.069)(163.533,220.818)(163.283,225.538)(169.158,225.789)
AREA building outer=1 offset=2721387 size=4 clippings=0 points=(167.845,105.379)(167.470,101.311)(163.408,101.362)(163.783,105.630)
AREA building outer=1 offset=2613499 size=12 clippings=0 points=(163.595,6.258)(167.908,5.957)(169.283,-3.483)(165.845,-3.333)(165.908,-2.379)(166.220,-2.178)(165.970,-0.571)(164.595,-0.772)(164.595,1.136)(165.783,1.337)(165.533,2.743)(165.283,2.844)
AREA building outer=1 offset=2716100 size=4 clippings=0 points=(164.908,48.789)(163.658,56.873)(167.470,56.873)(167.970,48.688)
AREA building outer=1 offset=2721406 size=5 clippings=0 points=(163.783,105.630)(164.158,109.898)(168.158,109.496)(168.220,109.546)(167.845,105.379)
AREA natural_scrub outer=1 offset=2732682 size=7 clippings=0 points=(164.408,187.125)(164.095,187.477)(187.845,187.527)(187.845,188.531)(190.095,188.431)(190.908,186.925)(170.970,187.075)
AREA amenity_building outer=1 offset=2733205 size=4 clippings=0 points=(177.220,187.025)(164.408,187.125)(164.345,180.698)(177.158,180.598)
AREA amenity_parking outer=1 offset=2733050 size=8 clippings=0 points=(164.720,189.134)(164.970,195.611)(165.033,207.160)(180.158,207.361)(180.158,205.001)(183.033,205.051)(184.533,203.294)(184.408,189.234)
AREA building outer=1 offset=2716600 size=24 clippings=0 points=(168.595,30.863)(169.658,30.762)(170.158,29.858)(170.595,29.758)(170.908,29.005)(171.720,28.954)(171.970,27.800)(171.595,27.398)(170.783,27.498)(170.345,26.845)(169.345,26.896)(169.220,27.649)(168.158,27.699)(167.658,26.946)(166.970,27.046)(166.658,27.850)(165.720,27.950)(165.220,28.703)(165.720,29.205)(165.408,30.059)(165.970,30.913)(167.033,30.913)(167.470,30.009)(168.033,29.959)
AREA highway_service outer=1 offset=2733261 size=8 clippings=0 points=(165.720,197.821)(166.345,198.875)(166.158,204.399)(170.470,204.449)(176.345,204.549)(180.720,204.650)(182.595,203.495)(182.595,198.223)
AREA natural_scrub outer=1 offset=2732724 size=29 clippings=0 points=(167.970,203.595)(167.345,202.943)(167.158,201.838)(167.220,199.478)(168.158,198.775)(180.283,198.825)(180.595,199.277)(180.595,203.495)(180.345,203.646)(179.595,203.595)(179.908,202.842)(180.033,201.938)(179.720,200.683)(178.970,199.679)(177.595,198.976)(177.033,198.925)(175.845,199.026)(174.470,199.880)(174.095,200.633)(173.533,200.633)(173.033,199.880)(172.345,199.377)(171.470,199.026)(170.533,198.976)(169.283,199.227)(168.283,200.131)(167.658,201.336)(167.720,202.641)(167.970,203.294)
AREA highway_pedestrian outer=1 offset=2612832 size=8 clippings=0 points=(173.908,4.953)(175.533,4.802)(175.533,4.099)(175.283,1.086)(170.845,1.337)(168.595,1.387)(167.908,5.957)(170.158,5.856)
AREA building outer=1 offset=2730113 size=13 clippings=0 points=(172.158,149.315)(169.158,150.319)(168.720,165.182)(168.908,166.237)(173.158,169.250)(176.470,168.095)(174.658,162.119)(172.220,162.170)(172.220,158.655)(174.158,158.705)(174.283,153.031)(173.158,152.981)(173.220,152.378)
AREA building outer=1 offset=2716073 size=5 clippings=0 points=(168.970,48.789)(173.470,48.638)(173.595,56.572)(173.533,57.124)(168.720,57.124)
AREA amenity_parking outer=1 offset=2779195 size=23 clippings=0 points=(168.908,281.928)(174.845,282.380)(174.345,274.998)(174.470,271.835)(181.220,272.237)(181.783,264.002)(179.220,263.801)(180.220,247.381)(178.158,247.230)(178.970,233.824)(174.158,233.522)(174.220,234.677)(174.033,235.932)(174.033,236.937)(172.283,236.887)(171.845,263.449)(173.720,263.499)(172.970,264.002)(172.470,264.453)(172.220,264.855)(172.220,271.182)(172.158,275.149)(169.095,275.099)
AREA building outer=1 offset=2733615 size=4 clippings=0 points=(169.158,225.789)(174.845,225.990)(175.033,221.371)(169.283,221.069)
AREA amenity_building outer=1 offset=2730399 size=10 clippings=0 points=(188.158,163.776)(187.658,174.120)(187.408,180.497)(171.220,180.648)(171.845,178.288)(172.408,177.083)(173.283,175.878)(175.533,173.769)(176.783,171.057)(176.470,168.095)
AREA building outer=1 offset=2729792 size=6 clippings=0 points=(180.283,144.695)(180.095,144.043)(171.470,147.005)(172.158,149.315)(173.220,152.378)(181.908,149.365)
AREA amenity_bank_building outer=1 offset=2721730 size=4 clippings=1 points=(171.533,82.532)(172.283,96.993)(184.845,95.035)(182.720,82.180)
AREA worship_building outer=1 offset=2716949 size=113 clippings=0 points=(172.533,34.277)(172.408,32.720)(172.908,32.670)(172.845,31.063)(172.345,31.063)(172.283,29.557)(173.783,29.507)(173.783,29.808)(175.095,29.758)(175.095,29.406)(175.533,28.904)(175.845,28.854)(175.783,27.448)(175.470,27.097)(175.783,26.695)(176.345,27.147)(177.158,27.147)(177.158,26.996)(179.033,26.946)(179.033,26.544)(179.408,26.494)(179.408,26.845)(181.658,26.745)(181.595,25.992)(182.220,25.942)(182.220,26.645)(184.345,26.544)(184.283,25.942)(184.595,25.942)(184.595,25.841)(185.158,25.791)(185.220,26.544)(188.533,26.394)(188.470,25.791)(188.970,25.791)(188.970,25.942)(189.220,25.942)(189.220,26.293)(190.345,26.243)(190.283,25.942)(190.595,25.891)(190.595,26.193)(191.658,26.142)(191.658,25.891)(191.970,25.841)(191.970,26.142)(193.095,26.042)(193.408,25.791)(193.658,25.942)(193.283,26.394)(193.283,27.498)(193.595,27.498)(193.658,28.051)(195.283,28.000)(195.533,27.448)(195.908,27.599)(195.720,28.151)(196.970,29.205)(197.470,29.005)(197.658,29.406)(197.095,29.607)(197.095,31.214)(197.720,31.465)(197.595,31.867)(197.033,31.666)(195.908,32.821)(196.158,33.373)(195.783,33.524)(195.470,32.971)(193.908,33.072)(193.908,33.674)(193.533,33.674)(193.533,33.122)(191.595,33.223)(191.658,33.825)(191.283,33.875)(191.283,33.172)(189.658,33.273)(189.658,33.524)(189.533,33.524)(189.658,35.783)(189.158,35.834)(189.158,35.331)(188.220,35.331)(188.220,35.482)(187.908,35.583)(187.845,35.432)(186.470,35.482)(186.470,35.633)(185.658,35.583)(185.658,36.185)(185.158,36.185)(185.158,35.733)(184.158,35.783)(184.158,36.034)(182.283,36.135)(182.283,35.934)(179.970,36.034)(179.970,36.386)(179.470,36.386)(179.470,36.085)(178.970,36.034)(177.720,36.085)(177.720,36.185)(176.720,36.235)(176.345,36.737)(175.970,36.386)(176.345,35.984)(176.220,34.026)(175.595,34.076)(175.595,33.775)(174.033,33.875)(174.033,34.177)
AREA building outer=1 offset=2720558 size=8 clippings=0 points=(174.658,113.212)(174.220,116.375)(173.720,119.388)(182.970,120.844)(182.970,121.196)(187.658,121.698)(188.095,114.869)(183.908,114.367)
AREA building outer=1 offset=2613958 size=6 clippings=0 points=(174.220,7.965)(177.470,7.513)(177.095,3.848)(175.533,4.099)(175.533,4.802)(173.908,4.953)
AREA building outer=1 offset=2614018 size=5 clippings=0 points=(180.283,13.639)(174.970,14.242)(174.220,7.965)(179.470,7.313)(179.720,8.970)
AREA amenity_parking outer=1 offset=2720216 size=8 clippings=0 points=(178.345,122.501)(177.783,127.924)(179.283,131.841)(177.720,132.293)(174.408,132.996)(175.595,119.689)(179.845,120.342)(179.845,122.150)
AREA amenity_building outer=1 offset=2730522 size=11 clippings=0 points=(188.158,163.776)(176.470,168.095)(174.658,162.119)(180.033,160.111)(180.158,160.412)(181.533,159.910)(181.783,160.613)(189.533,157.901)(189.533,157.399)(194.408,157.801)(194.158,161.617)
AREA landuse_brownfield outer=1 offset=2721796 size=7 clippings=0 points=(183.095,104.676)(176.783,105.680)(176.658,106.182)(174.845,106.232)(174.658,113.212)(183.908,114.367)(183.595,108.341)
AREA building outer=1 offset=2720525 size=7 clippings=0 points=(174.783,102.065)(182.345,101.010)(183.095,104.676)(176.783,105.680)(176.658,106.182)(174.845,106.232)(174.845,105.328)
AREA building outer=1 offset=2614666 size=4 clippings=0 points=(175.283,-1.826)(175.408,1.387)(180.158,1.287)(179.970,-1.927)
AREA building outer=1 offset=2613726 size=4 clippings=0 points=(180.158,1.287)(175.408,1.387)(175.533,4.099)(180.220,3.446)
AREA building outer=1 offset=2729992 size=4 clippings=0 points=(184.345,150.621)(186.470,156.696)(177.970,159.709)(175.845,153.583)
AREA worship_building outer=1 offset=2717250 size=64 clippings=0 points=(176.158,48.086)(177.095,56.220)(184.720,55.366)(184.658,55.266)(185.720,55.166)(185.783,55.467)(186.033,55.417)(186.033,55.216)(186.970,55.115)(187.220,55.216)(187.283,55.015)(187.095,54.864)(187.095,54.613)(187.533,54.563)(187.658,54.714)(187.783,54.613)(187.658,54.463)(187.908,54.061)(188.158,54.061)(188.220,54.563)(188.033,54.513)(188.033,55.115)(190.533,54.864)(190.220,52.906)(190.408,52.806)(190.158,52.404)(190.783,51.500)(191.283,51.600)(191.345,51.249)(190.908,51.199)(190.720,50.094)(191.095,49.793)(190.908,49.542)(190.533,49.743)(189.658,49.140)(189.720,48.688)(189.408,48.638)(189.345,49.090)(188.345,49.190)(188.283,48.738)(187.970,48.789)(188.033,49.291)(186.908,49.441)(186.845,48.789)(186.470,48.839)(186.470,48.939)(186.095,48.989)(185.908,46.931)(185.595,46.981)(185.658,47.433)(183.845,47.634)(183.783,47.232)(183.470,47.282)(183.533,47.734)(181.408,47.935)(181.345,47.483)(181.033,47.533)(181.095,48.035)(178.408,48.337)(178.345,47.835)(178.033,47.885)(178.095,48.337)(176.470,48.537)(176.408,48.086)
AREA amenity_building outer=1 offset=2733090 size=7 clippings=0 points=(177.220,187.025)(177.158,180.598)(193.033,180.397)(192.845,183.711)(191.033,183.711)(190.908,186.925)(183.470,186.975)
AREA amenity_parking outer=1 offset=2715796 size=4 clippings=0 points=(177.283,57.927)(177.595,60.840)(185.283,60.036)(184.970,57.074)
AREA natural_scrub outer=1 offset=2732847 size=10 clippings=0 points=(177.595,222.275)(177.408,229.555)(180.533,229.606)(180.595,227.446)(179.033,227.396)(179.095,225.639)(180.470,225.689)(180.470,224.534)(179.345,224.484)(179.408,222.325)
AREA building outer=1 offset=2715864 size=6 clippings=0 points=(177.783,64.304)(177.720,63.702)(191.408,62.246)(191.908,66.966)(178.220,68.372)(178.158,67.870)
AREA building outer=1 offset=2779680 size=8 clippings=0 points=(179.158,233.723)(180.845,233.824)(180.720,234.727)(181.408,234.778)(180.658,245.222)(179.970,245.222)(179.970,246.076)(178.220,246.025)
AREA building outer=1 offset=2614643 size=7 clippings=0 points=(179.720,8.970)(181.720,8.769)(181.283,3.948)(180.283,3.948)(180.220,3.446)(179.033,3.597)(179.470,7.313)
AREA building outer=1 offset=2780389 size=10 clippings=0 points=(184.408,259.282)(185.658,240.904)(183.658,240.703)(183.658,241.707)(182.908,241.607)(183.658,233.773)(183.595,232.618)(181.595,232.518)(180.658,245.222)(179.533,258.830)
AREA building outer=1 offset=2614746 size=4 clippings=0 points=(185.220,13.087)(180.283,13.639)(179.720,8.970)(184.658,8.518)
AREA building outer=1 offset=2614683 size=5 clippings=0 points=(180.220,3.446)(180.283,3.948)(184.220,3.798)(184.158,1.136)(180.158,1.287)
AREA building outer=1 offset=2730201 size=5 clippings=0 points=(180.283,144.695)(181.908,149.365)(189.720,146.604)(193.970,144.846)(192.220,140.226)
AREA tourism_hotel_building outer=1 offset=2729677 size=12 clippings=0 points=(182.283,127.723)(187.220,128.025)(186.970,131.238)(192.845,131.740)(192.720,133.900)(188.220,133.649)(188.220,134.251)(186.220,134.201)(186.220,133.799)(181.720,133.649)(181.220,132.795)(181.720,127.673)
AREA tourism_hotel_building outer=1 offset=2720145 size=10 clippings=0 points=(182.283,127.723)(182.658,123.254)(185.220,123.405)(185.408,121.497)(187.658,121.698)(187.408,124.911)(193.283,125.414)(192.845,131.740)(186.970,131.238)(187.220,128.025)
AREA building outer=1 offset=2720607 size=8 clippings=0 points=(183.595,108.341)(183.095,104.676)(182.345,101.010)(187.845,100.759)(187.783,99.805)(192.408,99.554)(192.658,103.621)(192.845,107.889)
AREA building outer=1 offset=2720724 size=10 clippings=0 points=(184.845,95.035)(191.845,93.779)(190.720,87.854)(192.220,87.704)(192.095,82.180)(182.720,82.180)(183.408,86.298)(185.595,85.896)(186.033,88.708)(183.845,89.059)
AREA landuse_grass outer=1 offset=2779029 size=8 clippings=0 points=(183.658,233.773)(188.970,234.527)(183.595,239.698)(184.158,240.552)(184.158,240.753)(183.658,240.703)(183.658,241.707)(182.908,241.607)
AREA building outer=1 offset=2720845 size=6 clippings=0 points=(192.845,107.889)(193.220,114.919)(188.158,114.467)(188.095,114.869)(183.908,114.367)(183.595,108.341)
AREA landuse_grass outer=1 offset=2779082 size=8 clippings=0 points=(185.408,244.820)(188.845,247.532)(188.533,254.160)(186.283,254.110)(186.033,258.579)(185.220,258.528)(185.158,259.332)(184.408,259.282)
AREA building outer=1 offset=2613752 size=7 clippings=0 points=(184.658,8.518)(185.970,8.417)(185.908,1.136)(188.470,1.036)(188.658,7.714)(188.595,12.736)(185.220,13.087)
AREA building outer=0 offset=2715104 size=5 clippings=0 points=(185.470,46.127)(185.345,44.320)(189.908,43.215)(190.158,45.977)(187.783,45.926)
AREA building outer=1 offset=2715821 size=9 clippings=0 points=(191.908,66.966)(194.658,67.167)(193.283,81.628)(192.095,81.578)(192.095,82.180)(188.220,82.180)(188.033,76.255)(187.595,76.255)(187.158,67.468)
AREA amenity_building outer=1 offset=2730471 size=4 clippings=0 points=(193.408,174.221)(193.033,180.397)(187.408,180.497)(187.658,174.120)
AREA tourism_hotel_building outer=1 offset=2720075 size=7 clippings=0 points=(187.658,121.698)(188.095,114.869)(188.158,114.467)(193.220,114.919)(193.408,123.606)(193.283,125.414)(187.408,124.911)
AREA amenity_building outer=1 offset=2730614 size=4 clippings=0 points=(193.720,170.053)(193.408,174.221)(187.658,174.120)(187.845,169.852)
AREA amenity_building outer=1 offset=2730665 size=4 clippings=0 points=(193.970,166.086)(193.720,170.053)(187.845,169.852)(188.033,165.936)
AREA amenity_building outer=1 offset=2730716 size=4 clippings=0 points=(194.158,161.617)(193.970,166.086)(188.033,165.936)(188.158,163.776)
AREA building outer=1 offset=2716039 size=5 clippings=0 points=(190.533,54.864)(190.970,61.342)(191.095,62.296)(188.720,62.547)(188.033,55.115)
AREA building outer=1 offset=2613696 size=6 clippings=0 points=(192.720,2.844)(192.658,0.986)(188.470,1.036)(188.533,2.944)(191.908,2.994)(191.908,2.844)
AREA building outer=1 offset=2614704 size=6 clippings=0 points=(188.533,2.944)(188.658,7.714)(192.783,7.765)(192.720,2.844)(191.908,2.844)(191.908,2.994)
AREA highway_pedestrian outer=1 offset=2615210 size=63 clippings=2 points=(197.595,31.867)(198.345,35.482)(198.283,36.436)(199.720,36.486)(202.595,36.687)(203.845,36.737)(208.033,36.988)(210.095,21.623)(211.970,21.824)(212.095,21.171)(212.283,21.021)(213.158,20.418)(214.783,20.418)(215.345,19.866)(219.408,20.117)(218.970,16.702)(218.345,11.681)(218.158,10.074)(213.095,9.572)(213.220,7.915)(212.033,7.815)(212.158,6.509)(210.970,6.459)(211.158,4.752)(209.970,4.702)(209.095,4.651)(206.345,4.501)(203.970,4.400)(202.970,4.350)(201.220,4.250)(201.220,4.852)(201.970,4.902)(201.783,8.267)(201.158,8.267)(201.095,8.819)(197.783,8.668)(197.783,8.066)(196.845,8.016)(196.845,7.865)(188.658,7.714)(188.595,12.736)(188.658,15.045)(188.908,16.502)(189.595,20.468)(190.095,22.929)(190.845,24.285)(193.095,26.042)(193.408,25.791)(193.658,25.942)(193.283,26.394)(193.283,27.498)(193.595,27.498)(193.658,28.051)(195.283,28.000)(195.533,27.448)(195.908,27.599)(195.720,28.151)(196.970,29.205)(197.470,29.005)(197.658,29.406)(197.095,29.607)(197.095,31.214)(197.720,31.465)
AREA building outer=1 offset=2730015 size=8 clippings=0 points=(194.408,157.801)(193.970,144.846)(189.720,146.604)(189.845,147.658)(189.095,147.809)(189.408,156.445)(191.533,156.445)(191.470,157.550)
AREA highway_pedestrian outer=1 offset=2717580 size=31 clippings=0 points=(191.845,93.779)(192.783,93.729)(192.908,92.323)(193.470,91.018)(194.408,90.265)(195.220,89.762)(196.845,89.511)(197.533,89.562)(198.408,89.913)(199.408,90.616)(200.095,91.369)(200.470,92.223)(201.033,92.223)(202.158,91.821)(202.345,91.319)(202.783,84.440)(203.283,78.615)(203.408,76.305)(203.658,73.945)(203.845,71.485)(204.095,69.075)(204.658,62.145)(200.033,60.137)(191.408,62.246)(191.908,66.966)(194.658,67.167)(193.345,80.975)(193.283,81.628)(192.095,81.578)(192.220,87.704)(190.720,87.854)
AREA building outer=1 offset=2616779 size=9 clippings=0 points=(192.533,-1.525)(192.720,2.844)(195.658,2.944)(195.658,3.496)(197.345,3.647)(197.533,0.684)(197.845,0.735)(197.970,-0.571)(196.158,-0.922)
AREA building outer=1 offset=2616727 size=6 clippings=0 points=(192.783,7.765)(196.845,7.865)(197.345,3.647)(195.658,3.496)(195.658,2.944)(192.720,2.844)
AREA building outer=0 offset=2715104 size=18 clippings=0 points=(195.720,34.327)(194.970,34.729)(194.220,34.277)(193.408,34.729)(193.345,35.633)(194.095,36.034)(194.033,36.888)(194.783,37.340)(196.345,37.390)(197.095,36.988)(197.095,36.135)(197.158,36.085)(197.220,36.235)(197.345,35.984)(197.845,35.733)(197.908,34.880)(197.158,34.377)(196.408,34.779)
AREA public_transport_platform outer=1 offset=2615785 size=11 clippings=2 points=(194.658,14.945)(197.470,14.543)(202.783,13.891)(207.783,13.439)(216.408,13.188)(216.658,17.054)(212.345,17.255)(207.283,17.456)(203.033,17.707)(197.845,18.259)(195.033,18.661)
AREA natural_scrub outer=1 offset=2780933 size=21 clippings=0 points=(197.283,223.078)(196.970,231.765)(196.970,235.079)(197.283,238.795)(197.908,241.406)(199.595,246.377)(200.970,249.992)(201.345,252.804)(201.595,256.670)(201.408,259.231)(200.845,261.591)(200.033,261.290)(197.970,259.533)(195.908,256.871)(195.033,253.708)(194.783,251.549)(194.720,249.892)(194.783,246.779)(194.970,242.510)(195.970,225.287)(196.158,222.978)
AREA building outer=1 offset=2616673 size=10 clippings=0 points=(201.220,4.250)(201.220,4.852)(201.970,4.902)(201.783,8.267)(201.158,8.267)(201.095,8.819)(197.783,8.668)(197.783,8.066)(196.845,8.016)(197.283,3.999)
AREA building outer=1 offset=2616815 size=9 clippings=0 points=(197.158,-2.027)(197.283,-3.182)(201.470,-2.730)(201.470,-1.073)(201.345,0.986)(197.845,0.735)(197.970,-0.571)(198.345,-0.470)(198.408,-1.776)
AREA building outer=1 offset=2616704 size=6 clippings=0 points=(197.845,0.735)(197.533,0.684)(197.345,3.647)(197.283,3.999)(201.220,4.250)(201.345,0.986)
AREA natural_scrub outer=1 offset=2734276 size=10 clippings=0 points=(198.095,206.608)(199.908,206.508)(200.095,205.051)(200.283,198.273)(200.095,195.260)(199.533,190.992)(198.783,191.092)(199.095,195.260)(199.158,196.817)(198.783,201.085)
AREA public_transport_platform outer=1 offset=2615688 size=15 clippings=0 points=(204.783,4.551)(203.533,16.451)(201.783,31.314)(199.283,30.913)(199.345,29.356)(198.845,29.256)(199.033,27.800)(199.345,27.850)(199.783,27.900)(200.783,28.000)(201.970,17.355)(199.970,17.054)(200.283,14.694)(202.283,14.995)(203.220,4.501)
AREA highway_pedestrian outer=1 offset=2615100 size=38 clippings=0 points=(210.220,15.347)(210.220,15.548)(210.220,15.999)(210.283,17.556)(209.470,19.615)(208.720,20.318)(208.970,20.368)(208.783,21.573)(208.220,21.473)(207.783,21.422)(207.345,21.372)(205.783,21.925)(205.033,21.874)(204.408,21.824)(203.908,21.824)(203.595,21.774)(201.658,20.770)(201.408,20.519)(200.970,20.418)(200.470,20.368)(200.095,20.318)(200.283,19.113)(200.345,19.113)(200.283,19.012)(199.720,16.853)(199.720,16.451)(199.845,15.999)(199.908,15.598)(200.095,14.694)(201.345,12.836)(203.220,11.631)(204.908,11.430)(205.408,11.330)(205.783,11.480)(206.345,11.631)(207.533,11.932)(209.220,13.338)(210.095,15.146)
AREA building outer=1 offset=2617773 size=16 clippings=0 points=(202.220,14.845)(200.533,16.050)(201.845,17.405)(201.720,19.414)(203.533,19.565)(204.720,21.071)(206.095,19.765)(208.095,20.067)(208.158,18.159)(209.658,17.004)(208.470,15.548)(208.720,13.740)(206.845,13.489)(205.720,12.183)(204.283,13.188)(202.408,13.087)
AREA highway_pedestrian outer=1 offset=2614982 size=25 clippings=0 points=(203.845,-28.640)(204.470,-29.042)(207.908,-28.941)(208.470,-28.690)(208.533,-27.987)(208.408,-26.832)(207.533,-19.351)(206.533,-11.216)(205.783,-11.266)(205.408,-6.697)(206.220,-6.596)(205.783,-5.040)(204.908,-2.579)(204.283,-1.424)(203.658,-0.420)(202.970,4.350)(201.220,4.250)(201.470,-1.073)(201.470,-3.333)(202.033,-3.333)(202.095,-5.291)(201.595,-5.291)(201.908,-13.174)(202.470,-18.999)(203.158,-23.719)
AREA building outer=1 offset=2723206 size=7 clippings=0 points=(208.283,87.653)(208.283,86.750)(208.095,84.791)(202.783,84.440)(202.345,91.319)(203.783,91.419)(204.095,88.306)
AREA building outer=1 offset=2723859 size=4 clippings=0 points=(202.658,102.065)(202.533,97.897)(210.908,96.792)(211.533,100.809)
AREA building outer=1 offset=2723048 size=5 clippings=0 points=(211.533,100.809)(212.283,104.826)(208.783,105.529)(202.783,105.730)(202.658,102.065)
AREA building outer=1 offset=2723791 size=7 clippings=0 points=(202.783,105.730)(202.845,109.295)(202.970,112.710)(208.033,112.559)(214.845,110.500)(213.595,104.625)(208.783,105.529)
AREA building outer=1 offset=2723070 size=8 clippings=0 points=(203.283,78.615)(202.783,84.440)(207.158,84.741)(207.283,82.582)(207.783,82.582)(207.845,81.377)(207.408,81.327)(207.533,78.916)
AREA building outer=1 offset=2723929 size=4 clippings=0 points=(203.095,116.375)(202.970,112.710)(208.033,112.559)(208.158,116.225)
AREA building outer=1 offset=2723950 size=4 clippings=0 points=(203.220,120.091)(203.095,116.375)(208.158,116.225)(208.283,119.940)
AREA building outer=1 offset=2723750 size=4 clippings=0 points=(203.283,123.757)(203.220,120.091)(208.283,119.940)(208.408,123.606)
AREA building outer=1 offset=2723817 size=5 clippings=0 points=(203.408,127.422)(203.283,123.757)(208.408,123.606)(208.533,127.272)(205.970,127.372)
AREA building outer=1 offset=2718330 size=5 clippings=0 points=(203.658,73.945)(203.408,76.305)(203.283,78.615)(207.908,78.967)(208.345,74.297)
AREA building outer=1 offset=2731961 size=8 clippings=0 points=(207.970,134.954)(207.970,134.352)(210.283,133.448)(212.095,138.720)(208.533,138.971)(208.783,142.486)(203.720,142.838)(203.408,135.306)
AREA building outer=1 offset=2719133 size=6 clippings=0 points=(204.095,69.075)(203.845,71.485)(203.658,73.945)(208.658,74.347)(211.095,73.293)(209.533,69.727)
AREA building outer=1 offset=2731935 size=4 clippings=0 points=(204.033,151.273)(203.720,142.838)(208.783,142.486)(209.220,151.123)
AREA building outer=1 offset=2724204 size=6 clippings=0 points=(203.783,91.419)(203.720,92.022)(205.783,92.122)(208.970,91.620)(208.283,87.653)(204.095,88.306)
AREA natural_scrub outer=1 offset=2781048 size=7 clippings=0 points=(205.470,223.932)(204.595,224.082)(204.408,224.685)(203.970,237.288)(204.345,240.401)(205.095,242.912)(205.533,243.163)
AREA building outer=1 offset=2731810 size=15 clippings=0 points=(216.595,179.091)(214.783,180.397)(211.533,181.602)(210.283,181.803)(204.095,181.652)(204.033,151.273)(216.345,150.872)(216.533,154.889)(208.970,154.939)(208.845,169.400)(208.908,172.212)(208.783,178.589)(211.533,178.388)(212.908,177.836)(214.783,176.530)
AREA building outer=1 offset=2718395 size=6 clippings=0 points=(204.658,62.145)(204.095,69.075)(209.533,69.727)(209.720,68.422)(213.720,67.066)(212.033,63.250)
AREA highway_pedestrian outer=1 offset=2733673 size=23 clippings=0 points=(227.595,186.272)(231.970,191.946)(233.283,190.942)(234.595,192.900)(234.720,193.754)(222.845,201.235)(207.408,206.960)(205.970,204.901)(205.408,202.139)(205.095,199.679)(204.908,191.092)(204.783,189.787)(204.783,183.510)(204.720,181.803)(210.220,181.903)(211.595,181.702)(214.845,180.497)(215.908,179.794)(216.470,180.598)(211.658,184.213)(215.095,188.883)(219.908,185.217)(223.158,189.536)
AREA landuse_grass outer=0 offset=2733673 size=9 clippings=0 points=(204.908,183.460)(204.970,189.737)(206.345,189.737)(206.845,188.632)(207.720,188.280)(207.408,187.678)(207.220,186.824)(207.220,186.121)(207.408,184.263)
AREA landuse_grass outer=0 offset=2733673 size=8 clippings=0 points=(206.595,191.042)(206.658,194.457)(207.345,194.758)(208.095,196.766)(213.658,196.415)(205.220,199.679)(205.033,190.942)(206.220,190.791)
AREA public_transport_platform outer=1 offset=2615598 size=15 clippings=0 points=(208.345,15.548)(210.095,15.849)(209.783,18.209)(208.033,17.958)(206.783,28.452)(207.033,28.502)(207.470,28.553)(207.970,28.653)(207.720,30.059)(206.595,29.908)(206.345,31.616)(205.033,31.465)(206.720,16.652)(208.095,4.802)(209.658,5.003)
AREA highway_footway outer=1 offset=2781249 size=17 clippings=0 points=(207.283,264.052)(206.720,263.901)(205.845,263.650)(205.095,263.399)(205.658,261.240)(205.970,258.629)(206.095,256.269)(205.908,253.507)(207.220,255.013)(207.908,255.716)(208.533,256.369)(208.283,260.286)(208.595,260.436)(210.908,258.478)(211.283,258.779)(211.908,259.231)(212.595,259.733)
AREA landuse_grass outer=0 offset=2733673 size=6 clippings=0 points=(205.220,200.131)(205.470,202.139)(205.908,202.340)(215.283,198.624)(215.533,197.871)(213.970,196.616)
AREA amenity_cafe_building outer=1 offset=2718005 size=4 clippings=0 points=(206.158,51.199)(205.220,57.927)(209.220,58.480)(210.158,51.701)
AREA building outer=1 offset=2781311 size=14 clippings=0 points=(205.533,243.716)(205.470,222.375)(209.908,222.375)(209.908,224.333)(216.908,224.333)(216.970,223.028)(216.970,219.915)(221.908,219.965)(221.908,235.581)(219.658,236.083)(216.908,235.581)(216.970,228.802)(209.970,228.802)(210.033,243.716)
AREA landuse_grass outer=1 offset=2780633 size=9 clippings=0 points=(213.658,246.377)(213.033,247.481)(211.908,248.335)(210.158,248.687)(208.408,248.084)(207.095,246.779)(205.845,245.172)(205.533,243.716)(210.033,243.716)
AREA natural_scrub outer=1 offset=2734400 size=9 clippings=0 points=(222.783,206.759)(212.783,213.035)(209.345,214.441)(205.908,215.345)(205.783,213.839)(209.845,212.734)(214.408,211.027)(218.345,208.868)(222.408,206.357)
AREA landuse_grass outer=0 offset=2733673 size=15 clippings=0 points=(218.095,200.683)(218.095,200.382)(218.283,200.131)(217.158,199.277)(208.345,202.641)(208.408,202.792)(206.220,203.746)(206.033,204.800)(207.408,206.909)(220.283,202.139)(220.033,201.486)(219.283,200.884)(218.908,201.235)(218.345,201.185)(218.220,201.034)
AREA building outer=1 offset=2719692 size=4 clippings=0 points=(206.783,47.182)(206.158,51.199)(210.158,51.701)(210.720,47.684)
AREA leisure_playground outer=0 offset=2733673 size=6 clippings=0 points=(207.283,191.494)(206.720,191.092)(206.783,194.306)(207.533,194.607)(208.220,196.616)(213.595,196.264)
AREA amenity_cafe_building outer=1 offset=2718043 size=5 clippings=0 points=(210.720,47.684)(212.908,47.734)(212.470,43.717)(207.345,43.315)(206.783,47.182)
AREA building outer=1 offset=2723891 size=6 clippings=0 points=(208.033,112.559)(208.283,120.844)(213.783,116.626)(221.470,110.048)(221.095,108.642)(214.845,110.500)
AREA building outer=1 offset=2718076 size=36 clippings=0 points=(215.345,20.268)(214.845,20.770)(213.283,20.719)(212.408,21.372)(212.283,22.176)(210.345,21.975)(208.095,37.541)(210.033,37.792)(209.970,38.394)(210.720,39.248)(222.845,40.353)(223.408,39.851)(223.908,40.453)(225.345,40.554)(225.533,36.888)(225.595,36.888)(225.783,33.273)(225.845,31.013)(227.095,30.913)(227.095,26.695)(234.845,26.845)(235.158,21.623)(234.908,21.573)(234.908,22.075)(232.345,21.975)(232.345,21.674)(232.158,21.674)(232.158,21.824)(230.658,21.724)(230.658,21.573)(230.470,21.573)(230.408,21.874)(227.845,21.724)(227.845,21.473)(225.783,21.372)(225.845,20.619)
AREA building outer=1 offset=2723840 size=4 clippings=0 points=(209.845,119.639)(208.283,120.844)(208.533,127.272)(212.908,123.455)
AREA building outer=1 offset=2723184 size=5 clippings=0 points=(208.345,88.005)(208.970,91.620)(212.908,90.917)(212.283,87.302)(209.283,87.854)
AREA highway_service outer=1 offset=2731121 size=5 clippings=0 points=(208.533,138.971)(208.783,142.486)(212.970,142.235)(212.095,138.720)(211.095,138.770)
AREA highway_service outer=1 offset=2731063 size=11 clippings=0 points=(208.783,142.486)(208.845,143.942)(209.033,147.256)(209.908,147.206)(209.845,146.352)(215.970,146.001)(216.345,150.872)(217.783,150.118)(219.283,149.215)(215.345,142.084)(212.970,142.235)
AREA leisure_garden outer=1 offset=2730798 size=21 clippings=0 points=(217.470,170.505)(222.720,177.334)(221.595,178.188)(218.345,173.819)(217.095,172.664)(217.283,172.262)(216.095,171.258)(214.720,170.304)(212.845,169.601)(210.908,169.099)(210.720,169.501)(208.845,169.400)(208.970,154.939)(216.533,154.889)(216.595,155.893)(213.658,157.500)(214.533,159.107)(211.845,161.969)(210.720,164.178)(210.033,166.287)(211.470,167.593)
AREA building outer=1 offset=2731891 size=14 clippings=0 points=(208.908,172.212)(212.595,173.267)(213.595,173.819)(214.658,174.572)(215.783,175.727)(218.345,173.819)(217.095,172.664)(217.283,172.262)(216.095,171.258)(214.720,170.304)(212.845,169.601)(210.908,169.099)(210.720,169.501)(208.845,169.400)
AREA building outer=1 offset=2732211 size=6 clippings=0 points=(209.845,146.352)(209.908,147.206)(209.033,147.256)(209.220,151.123)(216.345,150.872)(215.970,146.001)
AREA building outer=1 offset=2719245 size=5 clippings=0 points=(210.158,51.701)(209.533,56.019)(212.470,56.521)(213.095,52.203)(211.783,52.002)
AREA highway_pedestrian outer=1 offset=2618989 size=38 clippings=0 points=(209.970,4.702)(210.220,0.132)(210.095,-2.027)(209.595,-3.684)(209.970,-7.149)(210.595,-12.522)(212.220,-26.732)(212.595,-28.991)(214.533,-40.791)(214.845,-41.494)(217.720,-47.118)(218.845,-46.767)(219.970,-45.712)(219.408,-45.060)(218.970,-43.955)(218.970,-43.302)(219.095,-42.499)(219.345,-41.896)(219.845,-41.243)(220.283,-41.043)(220.220,-40.691)(218.533,-40.942)(216.408,-28.339)(215.345,-22.012)(212.845,-7.601)(214.095,-7.400)(213.970,-6.747)(213.408,-6.345)(212.720,-5.642)(212.283,-4.688)(212.220,-3.433)(212.408,-2.730)(212.783,-2.127)(213.470,-1.424)(214.283,-0.973)(215.095,-0.772)(211.658,-1.023)(211.158,4.752)
AREA building outer=1 offset=2723771 size=4 clippings=0 points=(212.908,123.455)(216.533,120.242)(213.783,116.626)(209.845,119.639)
AREA amenity_parking outer=1 offset=2780886 size=8 clippings=0 points=(216.783,242.460)(221.908,235.581)(216.908,235.581)(216.970,228.802)(209.970,228.802)(210.033,241.556)(210.845,241.556)(212.470,239.598)
AREA amenity_parking outer=1 offset=2731185 size=38 clippings=0 points=(219.408,150.771)(217.970,151.072)(217.783,150.118)(216.345,150.872)(216.595,155.893)(213.658,157.500)(214.533,159.107)(211.845,161.969)(210.720,164.178)(210.033,166.287)(211.470,167.593)(217.470,170.505)(222.720,177.334)(228.345,173.267)(225.970,170.254)(224.158,171.559)(220.158,166.387)(221.783,165.082)(225.970,161.969)(230.095,167.040)(229.783,167.291)(233.095,171.610)(240.345,166.036)(230.283,153.181)(229.658,153.583)(227.970,154.889)(223.283,142.787)(219.658,144.746)(221.408,148.009)(223.470,153.432)(225.283,152.830)(225.533,153.834)(225.283,154.437)(224.845,154.939)(223.720,155.441)(222.720,155.441)(222.345,154.135)(220.720,154.587)
AREA building outer=1 offset=2781711 size=7 clippings=0 points=(210.033,241.556)(210.845,241.556)(212.470,239.598)(216.783,242.460)(214.345,245.875)(210.845,243.113)(210.033,243.113)
AREA building outer=1 offset=2732273 size=18 clippings=0 points=(212.095,138.720)(210.283,133.448)(210.908,133.197)(210.783,132.443)(210.970,131.791)(211.595,131.389)(212.408,131.389)(216.408,128.226)(216.095,127.774)(217.220,126.820)(220.033,130.335)(220.470,131.540)(217.720,132.192)(217.158,132.644)(217.345,133.247)(217.033,133.347)(216.408,134.402)(217.158,137.465)
AREA building outer=1 offset=2718352 size=16 clippings=0 points=(211.783,72.991)(212.408,74.397)(211.845,74.698)(212.283,75.552)(210.283,75.904)(210.783,78.515)(213.845,77.812)(217.783,76.004)(217.408,75.150)(217.345,75.150)(216.845,74.096)(216.908,74.096)(216.220,72.439)(216.158,72.489)(215.658,71.334)(212.283,72.740)
AREA building outer=1 offset=2719071 size=10 clippings=0 points=(213.720,67.066)(210.283,68.221)(210.845,69.677)(211.533,69.727)(211.783,70.330)(211.345,70.531)(211.345,70.681)(212.283,72.740)(215.658,71.334)(214.658,69.175)
AREA building outer=1 offset=2723534 size=4 clippings=0 points=(220.033,99.403)(219.408,95.386)(210.908,96.792)(211.533,100.809)
AREA building outer=1 offset=2617501 size=10 clippings=0 points=(218.158,-0.621)(211.658,-1.023)(210.970,6.459)(212.158,6.509)(212.033,7.815)(213.220,7.915)(213.095,9.572)(218.158,10.074)(218.595,5.656)(217.658,5.555)
AREA building outer=1 offset=2734829 size=4 clippings=0 points=(220.658,184.414)(215.095,188.682)(211.783,184.263)(217.345,180.146)
AREA building outer=1 offset=2723150 size=6 clippings=0 points=(215.158,86.750)(214.720,83.687)(211.783,84.189)(212.908,90.917)(218.033,90.064)(217.345,86.348)
AREA amenity_parking outer=1 offset=2731346 size=11 clippings=0 points=(219.533,131.740)(217.720,132.192)(217.158,132.644)(217.345,133.247)(216.408,134.402)(217.158,137.465)(212.095,138.720)(212.970,142.235)(218.158,141.883)(217.908,139.975)(221.158,139.323)
AREA landuse_grass outer=0 offset=2733673 size=10 clippings=0 points=(214.533,196.063)(216.908,194.858)(217.470,190.691)(217.033,190.289)(216.345,190.791)(214.970,191.394)(213.720,191.544)(212.595,191.544)(212.345,192.398)(212.283,194.205)
AREA building outer=1 offset=2719733 size=9 clippings=0 points=(213.095,52.203)(212.470,56.521)(216.033,56.973)(215.595,60.338)(215.908,60.990)(223.970,57.325)(223.470,53.308)(223.408,50.697)(222.345,50.697)
AREA building outer=1 offset=2719213 size=10 clippings=0 points=(212.470,43.717)(212.783,46.780)(213.408,46.680)(213.720,46.931)(213.970,46.629)(214.970,46.529)(215.033,47.684)(215.970,47.583)(215.595,44.018)(213.970,43.868)
AREA amenity_fast_food_building outer=1 offset=2717722 size=6 clippings=0 points=(222.345,50.697)(222.533,44.520)(215.595,44.018)(215.970,47.583)(212.908,47.885)(213.095,52.203)
AREA building outer=1 offset=2722941 size=6 clippings=0 points=(213.783,116.626)(216.533,120.242)(226.783,112.208)(226.033,107.789)(221.158,108.642)(221.470,110.048)
AREA landuse_grass outer=1 offset=2734235 size=7 clippings=0 points=(223.908,218.207)(222.720,217.203)(220.783,214.492)(213.783,219.011)(216.970,223.028)(216.970,219.915)(221.908,219.965)
AREA building outer=1 offset=2723971 size=12 clippings=0 points=(213.845,77.812)(214.783,79.820)(216.095,79.218)(216.845,79.368)(217.470,80.774)(216.908,81.126)(217.220,81.879)(216.970,81.979)(217.470,83.184)(220.658,82.632)(219.220,79.318)(217.720,76.054)
AREA building outer=1 offset=2734661 size=7 clippings=0 points=(217.345,180.146)(214.783,176.530)(218.345,173.819)(224.158,181.552)(227.345,185.569)(223.720,188.381)(220.658,184.414)
AREA building outer=1 offset=2732239 size=5 clippings=0 points=(220.595,148.461)(221.408,148.009)(218.158,141.883)(215.345,142.084)(219.283,149.215)
AREA building outer=1 offset=2719163 size=4 clippings=0 points=(215.908,60.990)(217.845,65.309)(221.470,63.601)(219.595,59.333)
AREA building outer=1 offset=2781391 size=4 clippings=0 points=(222.720,246.427)(229.033,252.252)(223.658,258.026)(217.345,252.202)
AREA building outer=1 offset=2723098 size=20 clippings=0 points=(217.908,83.084)(218.220,84.842)(218.533,84.842)(218.720,86.097)(217.345,86.348)(218.033,90.064)(220.845,89.612)(220.783,89.511)(221.845,89.361)(222.283,89.361)(222.220,88.859)(222.095,88.859)(221.908,87.503)(221.970,87.503)(221.658,85.544)(221.533,85.544)(221.408,84.691)(221.470,84.691)(221.408,84.339)(220.658,82.632)
AREA building outer=1 offset=2722865 size=6 clippings=0 points=(219.720,129.983)(221.345,128.677)(220.283,127.272)(222.908,125.062)(222.033,123.907)(217.658,127.372)
AREA building outer=1 offset=2732321 size=7 clippings=0 points=(217.783,150.118)(217.970,151.072)(219.408,150.771)(220.720,154.587)(222.345,154.135)(220.595,148.461)(219.283,149.215)
AREA building outer=1 offset=2719183 size=9 clippings=0 points=(221.470,63.601)(217.845,65.309)(218.720,67.167)(219.595,69.225)(225.533,66.715)(225.033,63.752)(222.283,64.957)(222.158,64.656)(221.970,64.706)
AREA landuse_grass outer=0 offset=2733673 size=4 clippings=0 points=(218.033,196.716)(218.908,194.005)(223.970,191.544)(227.220,192.247)
AREA building outer=1 offset=2719102 size=6 clippings=0 points=(226.283,69.426)(225.658,66.664)(219.595,69.225)(219.533,69.125)(218.283,69.677)(219.533,72.439)
AREA building outer=1 offset=2723014 size=11 clippings=0 points=(220.033,99.403)(220.283,100.910)(220.720,100.809)(220.970,102.215)(220.470,102.316)(220.658,103.521)(224.658,102.868)(223.908,98.198)(223.345,98.248)(222.783,94.834)(219.408,95.386)
AREA building outer=1 offset=2719661 size=6 clippings=0 points=(219.533,72.439)(220.658,74.899)(223.220,73.744)(223.220,73.795)(226.908,72.188)(226.283,69.426)
AREA building outer=1 offset=2722982 size=10 clippings=0 points=(225.470,107.889)(224.658,102.868)(220.658,103.521)(220.095,104.174)(219.908,105.128)(220.033,105.881)(220.220,106.584)(220.595,107.287)(221.033,107.939)(221.095,108.642)
AREA highway_service outer=1 offset=2731036 size=7 clippings=0 points=(221.783,165.082)(220.158,166.387)(220.595,166.890)(224.158,171.559)(225.470,170.605)(224.658,169.651)(225.095,169.300)
AREA leisure_garden outer=1 offset=2730896 size=9 clippings=0 points=(221.408,148.009)(220.595,148.461)(222.720,155.441)(223.720,155.441)(224.845,154.939)(225.283,154.437)(225.533,153.834)(225.283,152.830)(223.470,153.432)
AREA building outer=1 offset=2718428 size=11 clippings=0 points=(223.220,73.795)(223.220,73.744)(220.658,74.899)(221.783,77.360)(222.845,79.870)(226.470,78.264)(225.845,76.958)(225.970,76.908)(225.033,74.849)(227.158,73.845)(226.908,72.188)
AREA building outer=1 offset=2617095 size=5 clippings=0 points=(220.970,6.107)(226.408,6.359)(226.158,10.426)(220.720,10.175)(220.908,6.107)
AREA building outer=1 offset=2617123 size=5 clippings=0 points=(220.970,6.107)(221.220,0.634)(224.408,1.287)(224.408,2.141)(224.158,6.258)
AREA building outer=1 offset=2617055 size=4 clippings=0 points=(225.283,-2.529)(224.408,1.287)(221.220,0.634)(222.033,-3.232)
AREA building outer=1 offset=2731693 size=24 clippings=0 points=(223.845,178.439)(222.970,177.133)(221.595,178.188)(224.158,181.552)(245.908,165.283)(234.408,150.118)(233.533,150.721)(232.720,149.667)(230.033,151.223)(229.470,150.520)(228.033,151.575)(229.658,153.583)(230.283,153.181)(240.345,166.036)(233.095,171.610)(229.783,167.291)(230.095,167.040)(225.970,161.969)(221.783,165.082)(225.095,169.300)(224.658,169.651)(225.470,170.605)(225.970,170.254)(229.345,174.522)
AREA tourism_museum_building outer=0 offset=2733673 size=14 clippings=0 points=(228.033,193.904)(225.970,194.908)(226.283,195.260)(226.595,196.114)(226.408,197.168)(225.783,198.072)(224.783,198.624)(223.658,198.524)(222.845,198.022)(222.408,197.369)(222.283,196.666)(222.345,196.314)(221.658,194.959)(227.220,192.247)
AREA building outer=1 offset=2732129 size=8 clippings=0 points=(224.408,135.105)(221.845,135.808)(222.845,139.674)(226.470,138.770)(226.408,138.419)(226.908,138.318)(226.783,137.465)(224.720,137.766)
AREA natural_scrub outer=1 offset=2734349 size=9 clippings=0 points=(225.470,227.597)(224.783,226.141)(224.783,219.965)(221.908,219.965)(223.908,218.207)(225.470,219.161)(226.408,220.216)(226.658,221.622)(225.845,227.195)
AREA natural_scrub outer=1 offset=2734383 size=4 clippings=0 points=(221.908,234.878)(224.533,231.464)(222.783,229.807)(221.908,227.748)
AREA building outer=1 offset=2722910 size=6 clippings=0 points=(222.033,123.907)(227.283,119.639)(227.470,121.497)(227.658,124.259)(223.720,124.761)(222.908,125.062)
AREA building outer=1 offset=2718936 size=17 clippings=0 points=(222.408,48.989)(222.345,50.697)(223.408,50.697)(224.783,50.847)(224.283,54.915)(223.658,54.864)(223.783,56.019)(225.470,55.818)(225.595,55.818)(225.658,55.316)(228.283,55.668)(228.408,51.701)(228.533,51.701)(228.533,50.345)(228.470,50.345)(228.533,49.793)(225.283,49.341)
AREA building outer=1 offset=2719004 size=4 clippings=0 points=(225.908,44.972)(222.533,44.520)(222.408,48.989)(225.283,49.341)
AREA building outer=1 offset=2723272 size=10 clippings=0 points=(222.845,79.870)(224.470,83.486)(229.345,82.130)(229.033,81.076)(228.220,81.427)(227.783,80.774)(227.908,80.774)(227.408,79.870)(226.845,80.071)(226.158,78.414)
AREA natural_scrub outer=1 offset=2734450 size=16 clippings=0 points=(224.095,212.332)(228.345,209.822)(234.595,217.404)(226.908,228.099)(226.658,227.949)(227.095,225.538)(227.533,222.475)(227.345,220.266)(225.845,218.157)(223.845,217.103)(222.908,216.349)(225.658,214.692)(225.033,213.688)(225.345,213.487)(224.845,212.784)(224.533,212.885)
AREA leisure_garden outer=1 offset=2730774 size=4 clippings=0 points=(222.970,177.133)(223.845,178.439)(229.345,174.522)(228.345,173.267)
AREA building outer=1 offset=2722889 size=6 clippings=0 points=(223.720,124.761)(224.095,127.924)(223.345,127.974)(223.533,129.682)(228.345,129.180)(227.658,124.259)
AREA building outer=1 offset=2781851 size=4 clippings=0 points=(227.158,242.510)(226.408,243.515)(223.408,241.255)(224.095,240.251)
AREA building outer=1 offset=2719024 size=10 clippings=0 points=(225.283,56.823)(223.595,56.823)(225.033,63.752)(225.345,65.459)(230.970,65.610)(230.970,63.300)(228.033,63.250)(227.658,60.589)(228.158,59.685)(225.283,59.384)
AREA building outer=1 offset=2732030 size=5 clippings=0 points=(223.720,129.632)(224.158,133.247)(228.720,132.695)(228.470,130.837)(228.345,129.180)
AREA building outer=1 offset=2718539 size=22 clippings=0 points=(230.595,56.722)(230.783,55.517)(228.283,55.818)(226.470,55.768)(225.533,55.869)(225.470,55.818)(223.783,56.019)(224.283,59.183)(225.220,59.233)(225.220,60.237)(226.470,60.287)(226.470,59.283)(231.033,59.484)(231.220,65.560)(234.720,65.710)(234.595,62.145)(234.845,62.145)(234.845,61.342)(234.783,61.292)(234.845,60.388)(234.908,60.388)(235.033,56.722)
AREA building outer=1 offset=2781538 size=6 clippings=0 points=(227.470,235.681)(225.158,238.895)(224.095,240.251)(227.158,242.510)(230.470,237.891)(227.470,235.732)
AREA amenity_parking outer=1 offset=2731146 size=6 clippings=0 points=(224.158,181.552)(245.908,165.283)(248.533,167.392)(254.033,174.221)(232.033,191.795)(227.345,185.569)
AREA building outer=1 offset=2732474 size=5 clippings=0 points=(226.783,137.465)(229.283,137.013)(228.720,132.695)(224.158,133.247)(224.720,137.766)
AREA highway_service outer=1 offset=2616193 size=4 clippings=0 points=(224.158,6.258)(226.408,6.359)(226.783,2.542)(224.408,2.141)
AREA highway_service outer=1 offset=2616167 size=5 clippings=0 points=(225.283,-2.529)(224.408,1.287)(224.408,2.141)(226.783,2.542)(227.658,-2.077)
AREA building outer=1 offset=2723346 size=6 clippings=0 points=(229.283,82.180)(224.470,83.486)(225.345,88.808)(232.658,87.503)(231.595,81.477)(229.345,82.130)
AREA leisure_garden outer=1 offset=2730946 size=19 clippings=0 points=(229.658,153.583)(228.033,151.575)(229.470,150.520)(230.033,151.223)(231.720,150.219)(228.220,144.244)(231.220,142.436)(230.408,141.030)(225.783,143.691)(225.658,144.495)(225.970,145.549)(227.845,144.495)(230.345,149.315)(228.908,150.169)(228.220,148.964)(226.970,149.667)(225.095,146.051)(224.595,146.252)(227.970,154.889)
AREA building outer=1 offset=2781688 size=4 clippings=0 points=(225.095,259.030)(228.345,255.516)(237.470,263.951)(234.158,267.466)
AREA amenity_parking outer=1 offset=2731385 size=7 clippings=0 points=(225.095,146.051)(226.970,149.667)(228.220,148.964)(228.908,150.169)(230.345,149.315)(227.845,144.495)(225.408,145.850)
AREA building outer=1 offset=2719711 size=5 clippings=0 points=(225.283,49.341)(228.533,49.793)(229.158,45.424)(227.533,45.274)(225.908,44.972)
AREA leisure_garden outer=1 offset=2717757 size=17 clippings=0 points=(229.845,73.443)(229.470,73.293)(229.720,70.430)(226.720,70.280)(227.470,73.895)(225.345,75.000)(226.595,78.264)(227.033,79.670)(228.845,80.373)(229.533,81.929)(231.658,81.377)(232.033,83.536)(233.470,83.235)(233.158,81.076)(231.845,81.427)(230.533,75.703)(229.783,75.653)
AREA building outer=1 offset=2718263 size=13 clippings=0 points=(226.595,34.277)(226.408,36.988)(225.533,36.888)(225.345,40.604)(227.908,40.905)(228.095,36.386)(227.658,32.821)(227.095,30.913)(225.845,31.013)(225.783,33.273)(226.470,33.273)(226.408,33.725)(226.720,34.076)
AREA highway_service outer=1 offset=2717832 size=9 clippings=0 points=(225.533,65.459)(226.720,70.280)(229.720,70.430)(229.908,69.275)(229.470,69.275)(229.533,67.016)(230.033,67.066)(230.095,65.610)(229.345,65.610)
AREA building outer=1 offset=2617602 size=4 clippings=0 points=(226.408,6.359)(231.220,6.760)(230.970,10.727)(226.158,10.426)
AREA building outer=1 offset=2724086 size=7 clippings=0 points=(231.470,97.897)(237.970,96.842)(237.158,92.173)(226.345,94.030)(227.158,98.700)(227.845,98.550)(228.033,98.600)
AREA building outer=1 offset=2617438 size=6 clippings=0 points=(226.783,2.542)(226.720,3.396)(229.158,4.099)(230.220,-2.579)(227.845,-3.081)(227.658,-2.077)
AREA building outer=1 offset=2719468 size=14 clippings=0 points=(228.720,32.771)(227.658,32.821)(228.095,36.386)(227.908,40.905)(230.658,41.357)(231.345,34.930)(231.220,34.880)(231.658,31.415)(232.095,26.795)(227.095,26.695)(227.095,30.913)(227.158,31.114)(230.033,31.465)(229.970,32.871)
AREA building outer=1 offset=2781561 size=13 clippings=0 points=(230.595,231.514)(229.220,233.422)(229.158,233.372)(228.533,234.225)(228.595,234.275)(227.470,235.732)(231.220,238.493)(231.720,238.795)(232.720,237.439)(232.345,237.138)(233.345,235.782)(233.783,236.083)(234.845,234.577)
AREA building outer=1 offset=2723559 size=8 clippings=0 points=(228.033,98.600)(228.158,99.654)(228.345,99.654)(229.158,104.224)(233.470,103.521)(232.658,98.700)(231.595,98.851)(231.470,97.897)
AREA building outer=1 offset=2732010 size=4 clippings=0 points=(228.220,144.244)(231.220,142.436)(234.720,148.562)(231.720,150.219)
AREA building outer=1 offset=2718630 size=17 clippings=0 points=(229.158,45.424)(228.470,50.345)(228.533,50.345)(228.533,51.701)(228.408,51.701)(228.283,55.818)(230.783,55.517)(231.408,52.354)(229.720,52.052)(229.908,51.098)(229.470,50.395)(230.033,50.044)(230.533,50.094)(230.470,50.446)(231.783,50.646)(232.658,45.926)(230.908,45.726)
AREA building outer=1 offset=2617572 size=7 clippings=0 points=(229.158,4.099)(236.845,5.907)(237.158,3.848)(237.658,1.689)(237.845,1.438)(236.720,0.534)(229.783,0.082)
AREA building outer=1 offset=2724131 size=4 clippings=0 points=(229.158,104.224)(230.158,110.199)(234.533,109.647)(233.470,103.521)
AREA building outer=1 offset=2718979 size=7 clippings=0 points=(234.595,68.321)(234.720,65.710)(231.220,65.560)(230.095,65.610)(230.033,67.066)(229.533,67.016)(229.470,68.171)
AREA building outer=1 offset=2719778 size=7 clippings=0 points=(229.470,68.171)(229.470,69.275)(229.908,69.275)(229.845,70.882)(234.533,71.083)(234.533,69.627)(234.595,68.321)
AREA building outer=1 offset=2718601 size=9 clippings=0 points=(229.970,71.686)(229.595,71.736)(229.595,73.293)(229.970,73.293)(229.845,75.552)(234.345,75.703)(234.408,73.544)(234.470,73.544)(234.533,71.937)
AREA building outer=1 offset=2617469 size=8 clippings=0 points=(230.220,-2.579)(229.783,0.082)(236.720,0.534)(237.658,-5.291)(236.033,-5.693)(234.783,-5.743)(234.033,-1.776)(231.720,-2.228)
AREA building outer=1 offset=2718462 size=15 clippings=0 points=(232.658,45.926)(231.845,50.295)(232.283,50.345)(232.283,50.496)(231.845,50.446)(231.783,50.646)(231.720,50.697)(230.970,54.714)(231.283,54.764)(231.158,55.316)(230.845,55.216)(230.595,56.722)(235.033,56.722)(235.408,46.328)(234.095,46.127)
AREA building outer=1 offset=2723251 size=5 clippings=0 points=(230.595,75.602)(231.908,81.377)(235.220,80.373)(234.345,76.255)(234.345,75.703)
AREA building outer=1 offset=2718228 size=8 clippings=0 points=(231.533,32.168)(231.220,34.880)(231.345,34.930)(230.658,41.357)(233.345,41.809)(233.783,37.039)(233.908,37.039)(234.283,32.469)
AREA landuse_commercial outer=1 offset=2734176 size=13 clippings=0 points=(230.845,206.307)(247.470,195.109)(251.720,191.795)(254.220,189.636)(260.158,194.758)(268.658,201.938)(261.283,206.759)(257.720,210.675)(255.908,213.035)(251.345,209.621)(246.408,212.383)(242.283,218.609)(238.533,216.299)
AREA building outer=1 offset=2617621 size=5 clippings=0 points=(231.220,6.760)(236.845,5.907)(236.408,10.828)(233.283,10.828)(230.970,10.727)
AREA building outer=1 offset=2722641 size=27 clippings=0 points=(237.220,118.986)(240.658,118.534)(240.345,115.672)(236.970,116.074)(236.970,115.823)(234.095,116.225)(232.533,118.283)(232.658,119.338)(231.033,119.539)(231.220,121.146)(232.345,120.995)(232.533,122.200)(232.470,122.200)(232.783,124.861)(233.283,124.811)(233.408,125.866)(238.408,125.263)(238.283,124.108)(238.720,124.058)(238.533,122.551)(238.095,122.652)(237.970,121.648)(238.470,121.547)(238.283,120.041)(236.970,120.242)(236.908,119.940)(237.345,119.890)
AREA building outer=1 offset=2781626 size=11 clippings=0 points=(232.658,239.498)(231.220,241.456)(234.470,243.866)(232.408,246.728)(231.845,246.327)(231.220,247.180)(233.970,249.239)(235.720,246.879)(235.845,246.979)(238.345,243.665)(236.220,242.109)
AREA building outer=1 offset=2734806 size=6 clippings=0 points=(231.720,229.807)(236.095,233.020)(237.220,231.514)(237.158,231.464)(239.158,228.652)(234.908,225.589)
AREA building outer=1 offset=2781804 size=6 clippings=0 points=(237.095,240.653)(233.283,237.790)(232.720,237.439)(231.720,238.795)(236.220,242.109)(237.283,240.803)
AREA building outer=1 offset=2732080 size=19 clippings=0 points=(233.408,125.866)(233.533,126.970)(233.095,127.020)(233.283,128.527)(233.720,128.477)(233.845,129.481)(233.408,129.531)(233.533,130.887)(232.220,131.037)(232.408,132.494)(231.845,132.594)(231.970,133.849)(236.408,133.297)(236.095,130.786)(240.158,130.284)(239.658,126.217)(239.220,126.267)(239.095,125.213)(238.408,125.263)
AREA building outer=1 offset=2723304 size=8 clippings=0 points=(233.220,80.975)(233.658,83.335)(233.095,83.436)(233.158,83.486)(231.970,83.687)(232.658,87.503)(236.595,86.800)(235.220,80.373)
AREA building outer=1 offset=2731673 size=4 clippings=0 points=(231.970,133.849)(232.408,137.515)(236.095,137.063)(235.595,133.397)
AREA building outer=1 offset=2731649 size=6 clippings=0 points=(238.408,139.624)(237.408,137.866)(237.283,137.917)(236.720,137.013)(232.408,137.515)(234.720,141.632)
AREA highway_service outer=1 offset=2722553 size=8 clippings=0 points=(234.783,109.647)(235.845,109.446)(236.033,109.396)(235.658,105.379)(237.033,105.128)(235.908,97.445)(232.658,98.048)(233.783,103.822)
AREA building outer=1 offset=2781408 size=29 clippings=0 points=(233.345,253.859)(239.283,258.478)(254.720,237.790)(260.033,242.310)(249.845,253.055)(253.095,256.118)(257.095,251.649)(258.595,253.005)(261.533,249.641)(260.345,248.436)(263.408,245.322)(265.470,247.281)(269.658,242.711)(265.470,239.698)(261.533,236.585)(256.783,232.618)(251.533,229.003)(248.345,233.321)(250.783,235.079)(248.533,238.192)(246.220,236.535)(243.533,240.201)(245.783,241.858)(243.783,244.670)(241.533,242.912)(238.595,246.779)(240.658,248.486)(238.720,251.298)(236.470,249.691)
AREA building outer=1 offset=2718308 size=5 clippings=0 points=(233.783,37.039)(233.345,41.809)(238.470,42.211)(238.845,37.491)(233.908,37.039)
AREA building outer=1 offset=2719534 size=24 clippings=0 points=(233.908,37.039)(238.783,37.491)(238.908,36.386)(238.783,36.386)(238.845,34.628)(238.595,34.578)(238.783,32.620)(239.533,32.620)(239.595,31.415)(240.033,31.465)(240.095,31.214)(240.220,29.507)(240.470,29.557)(240.595,28.302)(240.283,28.302)(240.345,27.247)(241.033,27.297)(241.345,22.326)(239.970,22.276)(240.033,21.874)(235.158,21.623)(234.845,26.845)(234.783,26.845)(234.283,32.469)
AREA building outer=1 offset=2732496 size=6 clippings=0 points=(234.720,141.632)(236.283,144.495)(239.783,142.536)(239.220,141.482)(239.408,141.381)(238.408,139.624)
AREA highway_service outer=1 offset=2616121 size=14 clippings=0 points=(234.783,-6.546)(236.095,-6.245)(236.033,-5.693)(237.658,-5.291)(236.720,0.534)(237.845,1.438)(238.470,0.835)(239.220,-2.579)(239.845,-6.647)(239.345,-6.747)(236.408,-7.350)(235.970,-8.002)(236.158,-9.207)(235.220,-9.358)
AREA building outer=1 offset=2734782 size=6 clippings=0 points=(238.783,228.350)(240.095,226.492)(242.408,228.099)(244.783,224.735)(238.845,220.316)(234.908,225.589)
AREA amenity_parking outer=1 offset=3201608 size=48 clippings=0 points=(288.533,156.144)(279.970,166.639)(273.408,174.773)(272.158,173.769)(267.470,179.694)(268.595,180.548)(263.283,187.075)(259.408,191.293)(252.658,197.118)(243.845,203.093)(242.220,202.440)(241.033,203.244)(242.658,203.897)(241.408,204.750)(239.408,204.248)(235.783,206.558)(235.095,205.403)(241.033,201.336)(243.845,199.779)(244.345,197.620)(250.283,193.502)(256.408,188.029)(263.095,180.397)(266.783,175.928)(267.470,177.434)(268.970,175.526)(268.720,173.568)(291.470,145.750)(298.783,136.712)(300.033,134.954)(302.158,131.690)(304.345,126.619)(304.783,124.962)(306.220,125.313)(306.658,123.405)(307.408,115.873)(309.158,115.974)(309.720,116.074)(309.408,121.798)(308.533,126.066)(307.720,128.728)(307.095,128.828)(306.220,129.531)(304.595,132.845)(306.283,132.946)(304.283,136.460)(300.095,142.084)(289.595,154.939)
AREA building outer=1 offset=2724059 size=5 clippings=0 points=(237.970,96.842)(236.095,97.144)(237.533,105.328)(239.283,105.128)(238.783,101.261)
AREA building outer=1 offset=2781598 size=8 clippings=0 points=(236.220,242.109)(237.283,240.803)(237.095,240.653)(239.033,237.941)(238.970,237.891)(239.533,237.138)(241.908,238.895)(238.345,243.665)
AREA building outer=1 offset=2731621 size=8 clippings=0 points=(236.283,144.495)(238.470,148.411)(241.595,146.553)(241.283,145.901)(241.158,146.001)(239.720,143.390)(239.845,143.340)(239.533,142.687)
AREA leisure_park outer=1 offset=2722347 size=16 clippings=0 points=(236.595,133.247)(247.095,132.293)(247.283,133.347)(249.845,132.996)(249.345,128.878)(249.033,128.878)(247.720,119.087)(240.658,120.141)(240.220,118.786)(237.908,119.087)(237.970,119.940)(238.533,119.940)(239.033,124.761)(239.720,124.711)(240.408,130.435)(236.408,131.088)
AREA building outer=1 offset=2617550 size=5 clippings=0 points=(240.720,6.308)(240.408,11.028)(236.408,10.828)(236.845,5.907)(238.845,6.208)
AREA building outer=1 offset=2722774 size=10 clippings=0 points=(236.908,90.666)(237.595,94.533)(238.908,94.332)(239.033,95.035)(239.595,95.336)(242.033,94.934)(242.220,95.838)(242.908,95.738)(241.908,89.762)(240.095,90.114)
AREA leisure_garden outer=1 offset=2615922 size=7 clippings=0 points=(239.220,-2.579)(238.470,0.835)(237.658,1.689)(237.158,3.848)(241.033,4.752)(241.658,1.488)(242.095,-1.726)
AREA building outer=1 offset=2734587 size=4 clippings=0 points=(237.220,209.671)(247.033,203.394)(249.533,207.261)(239.720,213.537)
AREA building outer=1 offset=2781657 size=6 clippings=0 points=(237.533,263.801)(243.033,257.725)(244.908,259.382)(248.845,255.265)(261.595,267.215)(248.033,273.140)
AREA building outer=1 offset=2719411 size=12 clippings=0 points=(238.470,67.016)(238.345,67.016)(238.345,67.116)(237.970,67.116)(237.970,69.275)(237.783,71.435)(246.095,71.686)(246.158,70.230)(247.345,70.029)(247.345,70.079)(252.720,69.175)(252.345,66.865)
AREA building outer=1 offset=2723370 size=7 clippings=0 points=(238.158,73.644)(238.095,75.904)(239.970,85.093)(244.158,84.390)(242.908,77.058)(244.095,76.858)(244.095,73.795)
AREA leisure_garden outer=1 offset=2722419 size=17 clippings=0 points=(246.970,93.629)(252.658,94.784)(252.720,94.432)(254.158,94.834)(253.845,96.642)(249.595,96.290)(244.158,97.144)(244.408,98.550)(238.658,99.453)(238.158,97.043)(239.158,96.893)(238.970,95.587)(241.970,95.035)(242.158,95.939)(242.970,95.788)(242.783,94.282)(243.658,94.131)
AREA building outer=1 offset=2718855 size=11 clippings=0 points=(252.345,66.865)(253.158,66.865)(252.595,63.601)(244.408,63.300)(244.470,64.807)(242.845,64.756)(242.845,63.250)(238.470,63.099)(238.408,66.212)(238.470,66.212)(238.470,67.016)
AREA building outer=1 offset=2719591 size=15 clippings=0 points=(242.845,28.201)(242.283,29.959)(240.095,34.679)(238.845,34.628)(238.783,36.386)(238.908,36.386)(238.783,37.491)(238.845,37.491)(238.470,42.211)(245.095,42.713)(245.845,42.462)(246.470,42.010)(246.908,41.357)(251.158,32.218)(251.595,30.963)
AREA building outer=1 offset=2731587 size=11 clippings=0 points=(240.533,147.206)(238.470,148.411)(240.783,152.529)(244.658,150.369)(243.970,149.114)(242.095,150.118)(241.470,148.964)(241.095,149.164)(240.845,148.712)(241.220,148.512)(240.845,147.809)
AREA building outer=1 offset=2718915 size=5 clippings=0 points=(238.658,57.927)(238.470,63.099)(242.783,63.250)(242.970,59.132)(242.970,58.128)
AREA highway_service outer=1 offset=2722469 size=16 clippings=0 points=(238.658,99.453)(239.033,101.562)(243.095,101.161)(243.283,100.156)(247.783,101.311)(248.345,105.630)(249.845,105.680)(250.220,105.680)(250.033,103.722)(251.158,103.471)(252.158,103.370)(253.220,103.521)(253.845,96.642)(249.595,96.290)(244.158,97.144)(244.408,98.550)
AREA building outer=1 offset=2718767 size=5 clippings=0 points=(239.095,46.931)(238.658,57.927)(245.033,58.229)(245.345,47.383)(241.470,47.081)
AREA building outer=1 offset=2723494 size=14 clippings=0 points=(238.845,101.864)(239.283,105.128)(239.470,107.036)(240.033,106.935)(240.095,107.437)(242.533,107.136)(242.533,107.036)(242.970,106.985)(242.908,106.483)(243.095,106.483)(243.158,106.584)(243.658,106.483)(243.158,102.516)(243.220,101.311)
AREA building outer=1 offset=2732378 size=4 clippings=0 points=(239.033,136.712)(239.345,138.770)(243.408,138.268)(242.970,136.209)
AREA building outer=1 offset=2723649 size=19 clippings=0 points=(244.033,113.915)(244.033,114.015)(243.658,114.065)(243.595,113.965)(243.470,113.965)(243.595,115.170)(242.220,115.321)(242.158,114.969)(241.908,114.768)(240.470,114.919)(240.220,115.170)(240.345,115.672)(240.658,118.534)(240.845,119.790)(247.783,118.886)(247.220,114.116)(245.345,114.317)(245.220,113.764)(244.658,113.814)
AREA building outer=1 offset=2617642 size=6 clippings=0 points=(240.720,6.308)(240.845,4.702)(244.158,5.405)(244.158,6.057)(243.908,9.020)(240.533,8.769)
AREA building outer=1 offset=2719830 size=7 clippings=0 points=(251.595,30.963)(252.033,29.708)(252.595,27.097)(253.095,22.728)(241.345,21.874)(241.033,27.699)(242.845,28.201)
AREA building outer=1 offset=2617171 size=5 clippings=0 points=(244.158,5.405)(244.345,3.948)(244.658,2.442)(241.658,1.488)(241.033,4.752)
AREA building outer=1 offset=2731557 size=9 clippings=0 points=(242.783,151.424)(243.158,152.077)(241.095,153.181)(242.533,155.742)(243.220,155.943)(246.220,154.236)(246.533,153.483)(245.783,149.767)(244.658,150.369)
AREA building outer=1 offset=2616994 size=4 clippings=0 points=(244.658,2.442)(245.470,-1.023)(242.095,-1.726)(241.658,1.488)
AREA building outer=1 offset=2722841 size=6 clippings=0 points=(245.658,89.110)(241.908,89.762)(242.658,94.231)(246.658,93.528)(248.033,88.909)(247.345,88.859)
AREA building outer=1 offset=2732052 size=8 clippings=0 points=(242.658,145.901)(242.783,146.352)(243.158,146.252)(243.783,149.215)(243.970,149.114)(244.658,150.319)(245.783,149.717)(244.908,145.398)
AREA highway_service outer=1 offset=2717800 size=6 clippings=0 points=(242.970,58.128)(242.970,59.132)(242.845,61.492)(250.283,61.744)(250.283,58.480)(245.033,58.229)
AREA amenity_parking outer=1 offset=2717942 size=14 clippings=0 points=(245.470,73.845)(244.095,73.795)(244.095,76.858)(242.908,77.058)(243.345,79.569)(245.283,79.218)(245.345,79.720)(246.720,79.569)(246.220,76.556)(247.033,76.406)(247.033,73.895)(246.908,73.895)(246.783,75.703)(245.408,75.653)
AREA building outer=1 offset=2723472 size=5 clippings=0 points=(243.158,102.667)(243.658,106.483)(248.283,105.881)(247.783,102.065)(247.095,102.165)
AREA building outer=1 offset=2724033 size=5 clippings=0 points=(243.345,100.357)(243.220,101.311)(243.158,102.667)(247.095,102.165)(246.970,101.311)
AREA building outer=1 offset=2723408 size=6 clippings=0 points=(245.345,79.720)(245.283,79.218)(243.345,79.569)(244.158,84.390)(247.408,83.887)(246.720,79.569)
AREA building outer=1 offset=2732158 size=21 clippings=0 points=(247.970,133.448)(247.970,133.900)(247.220,134.000)(247.033,132.544)(243.970,132.895)(244.533,137.565)(245.970,137.415)(246.033,137.917)(248.595,137.615)(248.595,138.017)(251.783,137.615)(251.720,137.214)(254.220,136.912)(254.158,136.611)(255.908,136.460)(256.408,135.858)(255.720,130.837)(250.408,131.489)(250.533,132.895)(250.033,132.946)(250.095,133.197)
AREA building outer=1 offset=2719384 size=5 clippings=0 points=(244.033,61.543)(243.970,63.300)(252.595,63.601)(252.470,61.844)(250.283,61.744)
AREA landuse_basin outer=1 offset=2780660 size=4 clippings=0 points=(254.783,239.849)(257.845,242.410)(245.658,254.963)(244.408,253.859)
AREA building outer=1 offset=2734613 size=6 clippings=0 points=(250.845,214.391)(248.220,218.207)(245.033,216.199)(247.720,212.433)(248.908,213.136)(251.095,213.688)
AREA building outer=1 offset=2718797 size=6 clippings=0 points=(245.345,47.383)(245.033,58.229)(248.908,58.379)(248.533,54.362)(248.783,47.634)(246.220,47.433)
AREA landuse_railway outer=1 offset=3232962 size=13 clippings=0 points=(338.720,251.900)(338.783,274.044)(314.095,272.789)(277.033,275.350)(259.595,278.162)(249.658,280.723)(246.033,276.454)(258.845,273.040)(288.845,262.093)(299.158,258.528)(310.470,255.616)(320.470,253.708)(328.533,252.503)
AREA amenity_parking outer=1 offset=2717918 size=7 clippings=0 points=(250.033,73.493)(247.720,73.895)(247.033,73.895)(247.033,76.406)(246.220,76.556)(246.720,79.569)(250.970,78.816)
AREA building outer=1 offset=2731538 size=4 clippings=0 points=(246.220,142.687)(246.845,145.850)(250.220,145.147)(249.533,141.984)
AREA amenity_parking outer=1 offset=2717980 size=4 clippings=0 points=(246.283,71.937)(252.908,70.782)(252.658,69.426)(246.345,70.330)
AREA building outer=1 offset=2723452 size=4 clippings=0 points=(246.720,79.569)(247.408,83.887)(251.658,83.184)(250.970,78.816)
AREA building outer=1 offset=2617332 size=9 clippings=0 points=(247.158,7.765)(247.033,7.714)(246.783,11.832)(255.720,12.384)(255.970,8.317)(254.658,8.216)(254.595,8.317)(254.595,8.719)(250.470,8.467)
AREA building outer=1 offset=2722806 size=8 clippings=0 points=(248.720,89.009)(248.033,88.909)(246.845,92.976)(252.533,94.683)(252.720,94.282)(253.033,94.382)(254.158,90.666)(251.470,89.863)
AREA building outer=1 offset=2731495 size=6 clippings=0 points=(246.845,145.850)(247.595,149.516)(250.283,148.913)(251.158,148.813)(250.408,145.147)(250.220,145.147)
AREA building outer=1 offset=2734570 size=4 clippings=0 points=(247.033,203.394)(249.908,201.486)(252.408,205.403)(249.533,207.261)
AREA building outer=1 offset=2617305 size=9 clippings=0 points=(247.908,2.241)(247.720,2.894)(247.470,5.555)(247.158,7.765)(250.470,8.467)(251.095,4.099)(251.470,4.099)(251.470,3.496)(251.533,2.944)
AREA building outer=1 offset=2723587 size=25 clippings=0 points=(251.533,113.563)(249.470,113.814)(249.220,114.116)(249.283,114.618)(248.158,114.768)(248.095,114.266)(247.720,114.015)(247.220,114.116)(247.783,118.886)(247.970,118.886)(248.158,120.392)(248.595,120.342)(248.720,121.346)(248.283,121.397)(248.408,122.652)(248.845,122.602)(249.033,123.957)(256.908,122.953)(256.220,117.279)(254.533,117.530)(254.533,117.430)(253.720,117.530)(253.595,116.476)(253.283,116.526)(253.095,114.768)
AREA building outer=1 offset=2731465 size=9 clippings=0 points=(250.283,148.913)(247.595,149.516)(248.783,154.939)(251.783,154.286)(251.908,153.734)(251.970,153.734)(251.908,153.684)(252.158,153.583)(251.158,148.813)
AREA building outer=1 offset=2617286 size=4 clippings=0 points=(248.845,-2.379)(247.908,2.241)(251.533,2.944)(252.470,-1.575)
AREA building outer=1 offset=2734636 size=7 clippings=0 points=(248.220,218.207)(250.845,214.391)(252.470,215.446)(254.533,216.048)(254.345,216.600)(251.720,220.517)(249.970,219.412)
AREA building outer=1 offset=2718721 size=9 clippings=0 points=(248.783,47.634)(248.533,54.362)(248.658,55.316)(248.908,58.379)(252.283,58.530)(251.970,52.705)(252.033,52.303)(252.220,47.684)(250.533,47.634)
AREA building outer=1 offset=2723699 size=20 clippings=0 points=(249.033,123.957)(249.158,125.062)(248.720,125.112)(249.095,128.025)(249.533,127.924)(249.658,128.979)(249.533,128.979)(249.720,130.485)(250.158,130.435)(250.283,131.489)(255.720,130.837)(255.595,129.632)(255.158,129.682)(254.970,128.226)(254.470,128.326)(254.283,127.020)(255.408,126.820)(255.283,125.866)(255.595,125.866)(255.283,123.204)
AREA building outer=1 offset=2731433 size=10 clippings=0 points=(251.533,156.094)(250.908,155.391)(250.720,154.537)(248.783,154.939)(249.595,158.755)(251.095,160.362)(251.658,160.412)(254.595,157.650)(252.845,155.742)(252.595,155.190)
AREA building outer=1 offset=2719266 size=7 clippings=0 points=(254.033,36.336)(252.345,35.532)(249.533,41.608)(249.470,42.060)(249.908,42.863)(250.345,43.064)(251.470,43.114)
AREA building outer=1 offset=2731519 size=5 clippings=0 points=(249.533,142.034)(250.220,145.147)(253.595,144.444)(253.220,141.582)(251.408,141.833)
AREA building outer=1 offset=3200207 size=8 clippings=0 points=(249.908,201.486)(254.533,198.674)(255.970,197.520)(258.283,195.360)(263.970,199.980)(261.470,203.143)(259.033,201.587)(252.408,205.403)
AREA amenity_parking outer=1 offset=3182542 size=14 clippings=0 points=(261.470,73.644)(261.470,73.594)(258.283,74.146)(258.345,74.347)(255.033,74.899)(254.720,72.690)(250.033,73.493)(250.970,78.816)(256.845,77.862)(256.908,78.314)(261.470,77.561)(262.095,77.561)(261.970,76.908)(262.033,76.908)
AREA highway_service outer=1 offset=2616238 size=9 clippings=0 points=(251.533,2.944)(251.470,3.496)(251.470,4.099)(251.095,4.099)(250.470,8.467)(254.595,8.719)(254.595,8.317)(254.033,8.267)(254.470,3.346)
AREA building outer=1 offset=2723432 size=4 clippings=0 points=(250.970,78.816)(251.658,83.184)(256.283,82.431)(255.595,78.013)
AREA building outer=1 offset=2719810 size=4 clippings=0 points=(251.470,43.114)(255.345,43.165)(255.783,37.139)(254.033,36.336)
AREA highway_service outer=1 offset=2616094 size=6 clippings=0 points=(252.470,-1.575)(255.595,-1.173)(255.095,3.396)(254.470,3.346)(251.533,2.944)(252.345,-1.123)
AREA building outer=1 offset=2734547 size=6 clippings=0 points=(258.158,219.111)(255.470,222.927)(251.720,220.517)(254.345,216.600)(256.283,217.856)(258.345,218.458)
AREA building outer=1 offset=2718683 size=7 clippings=0 points=(252.220,47.684)(251.970,52.705)(252.345,59.434)(255.908,59.333)(255.595,57.375)(255.908,47.734)(254.095,47.734)
AREA building outer=1 offset=2719299 size=7 clippings=0 points=(254.283,31.264)(252.345,35.532)(255.783,37.139)(255.845,36.034)(254.970,35.683)(256.470,32.268)(256.408,32.268)
AREA building outer=1 offset=2719324 size=4 clippings=0 points=(252.345,59.434)(252.470,60.789)(256.095,60.388)(255.908,59.333)
AREA building outer=1 offset=2731409 size=6 clippings=0 points=(254.720,153.382)(254.470,152.830)(252.408,154.738)(252.845,155.742)(254.595,157.650)(256.783,155.592)
AREA building outer=1 offset=2732451 size=7 clippings=0 points=(252.470,148.612)(253.220,152.930)(254.283,152.328)(254.283,152.227)(254.345,152.177)(254.283,150.068)(254.033,148.311)
AREA amenity_parking outer=1 offset=2717892 size=8 clippings=0 points=(257.283,67.468)(252.783,68.221)(252.533,67.066)(253.283,67.016)(252.658,63.451)(252.533,60.689)(255.845,60.488)(256.283,62.848)
AREA building outer=1 offset=2722749 size=7 clippings=0 points=(254.158,90.666)(253.033,94.382)(254.283,94.733)(254.095,97.244)(257.908,97.596)(258.095,94.784)(258.470,91.972)
AREA building outer=1 offset=2722707 size=5 clippings=0 points=(253.720,101.010)(253.408,103.671)(253.158,106.534)(256.970,106.935)(257.533,101.412)
AREA building outer=1 offset=2732402 size=5 clippings=0 points=(253.158,141.281)(253.595,144.444)(253.595,144.746)(255.908,144.495)(255.595,141.030)
AREA building outer=1 offset=3197719 size=19 clippings=0 points=(253.595,144.746)(253.783,146.202)(254.658,146.101)(255.158,145.599)(255.470,145.850)(255.783,148.863)(255.470,148.913)(255.470,149.265)(255.845,149.215)(255.845,149.616)(255.908,149.918)(260.783,149.516)(260.658,148.210)(259.658,148.311)(259.470,146.955)(259.345,145.549)(260.345,145.449)(260.220,144.093)(255.908,144.495)
AREA building outer=1 offset=2722728 size=5 clippings=0 points=(254.095,97.244)(253.720,101.010)(257.533,101.412)(257.658,99.554)(257.908,97.596)
AREA amenity_parking outer=1 offset=3197664 size=13 clippings=0 points=(265.970,157.500)(261.220,162.119)(261.470,162.873)(256.158,167.894)(254.158,165.735)(255.283,164.680)(253.783,163.023)(254.533,162.370)(257.408,159.558)(257.783,159.107)(258.095,158.554)(260.908,155.943)(262.783,154.487)
AREA building outer=1 offset=2618146 size=8 clippings=0 points=(255.970,8.317)(256.220,5.455)(256.908,5.505)(257.095,3.647)(254.470,3.346)(254.033,8.267)(254.595,8.317)(254.658,8.216)
AREA building outer=1 offset=3184096 size=15 clippings=0 points=(256.908,22.979)(256.595,29.205)(255.220,29.105)(254.283,31.264)(256.783,32.469)(257.220,32.570)(257.658,31.616)(264.908,32.068)(265.158,33.574)(265.095,34.628)(267.970,34.729)(268.158,28.603)(268.595,28.653)(268.783,23.732)(262.908,23.331)
AREA building outer=1 offset=3197769 size=11 clippings=0 points=(256.845,149.867)(256.845,150.671)(256.408,151.072)(256.033,150.621)(254.283,152.227)(254.470,152.830)(254.720,153.382)(256.783,155.592)(260.595,152.077)(260.908,151.123)(260.783,149.516)
AREA landuse_grass outer=1 offset=3186998 size=4 clippings=0 points=(259.345,86.448)(254.345,86.800)(254.533,87.503)(259.158,89.110)
AREA building outer=1 offset=3103676 size=4 clippings=0 points=(257.095,3.647)(257.658,-0.922)(255.595,-1.173)(255.095,3.396)
AREA building outer=1 offset=3182818 size=10 clippings=0 points=(257.345,33.775)(257.220,35.783)(255.908,35.683)(255.845,36.034)(255.345,43.165)(258.533,43.215)(258.658,38.143)(259.158,34.528)(259.158,34.227)(257.658,33.825)
AREA building outer=1 offset=3200319 size=7 clippings=0 points=(258.158,219.111)(259.783,220.065)(261.783,220.668)(261.470,221.722)(260.595,221.572)(258.283,224.735)(255.470,222.927)
AREA building outer=1 offset=3187739 size=6 clippings=0 points=(256.908,78.314)(256.845,77.862)(255.595,78.063)(256.283,82.431)(259.595,81.879)(258.908,78.063)
AREA building outer=1 offset=3184828 size=7 clippings=0 points=(258.845,58.530)(258.845,57.475)(258.595,51.701)(258.720,47.784)(255.908,47.734)(255.595,57.375)(255.845,59.032)
AREA building outer=1 offset=3197700 size=4 clippings=0 points=(257.783,140.779)(255.595,141.030)(255.908,144.495)(258.095,144.294)
AREA building outer=1 offset=3103485 size=5 clippings=0 points=(259.845,8.568)(255.970,8.317)(255.720,12.384)(255.658,12.736)(259.533,12.886)
AREA building outer=1 offset=3183420 size=11 clippings=0 points=(255.845,59.032)(256.095,60.388)(256.408,62.547)(257.095,65.158)(257.470,67.217)(261.595,66.514)(260.845,62.296)(260.408,62.396)(260.283,62.095)(259.470,58.480)(258.845,58.530)
AREA amenity_school outer=1 offset=3201377 size=22 clippings=0 points=(281.595,168.597)(273.658,178.188)(260.158,194.758)(268.658,201.938)(261.283,206.759)(257.720,210.675)(255.908,213.035)(277.470,229.555)(280.533,229.656)(284.033,229.656)(285.783,225.086)(307.720,225.388)(307.783,206.759)(314.970,206.859)(315.658,183.460)(303.033,183.410)(299.845,184.514)(298.220,183.711)(291.345,176.581)(284.970,172.313)(285.470,171.660)(282.345,169.099)
